Référence;Produit;Type Voiture;prix
57183;Tige de culbuteur;P.404/P.504/P.505;57.48
57185;Tige de culbuteur;P.404/P.504/P.505;48.77
005.4114;Direction à crémaillère;P.J9/C.C25;1568.50
006.4094;Nécessaire anti-bruit de direction;P.205/P.309/P.104;22.32
011.4444;Vérin de direction assistée;P.205/P.206/P.309/P.PARTNER;1283.30
011.4654;Vérin de direction assistée;C.BERLINGO/C.ZX/P.PARTNER;1311.98
018.4H44;Rotule de Direction;C.JUMPER/FIAT DUCATO/PGT BOXER I-II;149.61
033.5235;Butée de suspension;PGT 205/PGT 306/309-CIT.ZX/C15;40.40
033.5275;Butée de suspension;P205/P309/P405;55.71
033.5405;Butée de suspension;P.406;177.19
033.5585;Butée de suspension;P.206;99.61
033.5595;Butée de suspension;CIT PICASSO/XSARA/Berlingo-PGT PARTNER II DIAM.56H105;63.50
035.5275;Butée à billes de suspension;P.205/306/307/309/405/PICASO.SAX/XSARA/C15.BERLIGO.;87.43
038.5155;Support amortisseur AV;C.SAXO/P.106 T.T;138.93
038.5185;Suspension Support Essieu;CIT JUMPER / FIAT DUCATO 94-01 / PGT BOXER I;248.51
038.5235;Support amortisseur AV;C.ZX/Berlingo/P.POR;224.81
038.5245;Support amortisseur AV;BERLINGO/P.PARTNER;239.63
038.5265;Support moteur;P.406;805.70
038.5285;Support amortisseur AV/D;CIT. JUMPER-PGT. BOXER;358.01
038.5295;Support amortisseur AV/G;CIT. JUMPER-PGT. BOXER;374.40
038.5345;Support triangle suspension;P.206;319.06
038.5405;Support triangle suspension;P.206;336.98
038.5605;Support amortisseur AV/D;PGT 206/206+;245.76
038.5855;Support amortisseur AV;P 207/P 307/Berlingo VL/C4/Picasso/CTR ZX;89.44
038.5A15;Support amortisseur AV/D;PEUGEOT 206;243.76
040.4144;Flecteur de direction;P.505/R12/C.BX//VISA/C15/P204.P304,P404(73>),P504(73>);44.60
041.2142;Butée d'embrayage;P404,P504.P505.P604;151.04
041.2272;Butée d'embrayage;P504/P505/P604;166.02
041.2292;Butée d'embrayage;P205/P305/P309/P405;169.70
045.3213;Arrêt d'huile arbre de roue;P403/P404/P504 (=045.3183);24.30
046.3203;Arrêt d'huile arbre de roue;P403/P404D/P504D;31.07
059.4054;Silent bloc de direction;C.XSARA/ZX/C15/P.205/305/306/309/405/504/505/604;24.84
059.4094;Rotule de direction mécanique filetage ext / D&G;P.806 PARTNER- CITROEN EVASION GUMPY;152.13
062.3063;Support échappement;P304,P305,P504,P505,P604;32.16
066.4094;Soufflet direction à crémaillère;NON LIVRABLE P204,P304;43.74
066.4104;Soufflet direction à crémaillère;P504,P604;53.71
066.4154;Soufflet direction à crémaillère;P104/P205/P106/P109/P504/P309/CZX BERLINGO/C15;36.74
066.4224;Soufflet direction à crémaillère;CIT BERLINGO/C15/XARA/ZX/P6T/006/306/309/P PARTNER;48.21
066.4284;Soufflet direction assistée;P 405;85.24
066.4434;Soufflet direction assistée;CXSARA/ZX/C15/P 306/P PARTNER/PICASSO BERLINGO;57.21
087.5155;Biellette barre stabilisatrice;P504 505;177.00
087.5375;Biellette barre stabilisatrice;CIT X MERT DUCATO/BOXER CZX BERLINGO/P 306 P PARTNER;94.80
087.5395;Biellette barre stabilisatrice;CXSARA C PICASS;94.28
087.5415;Biellette barre stabilisatrice;P 605;190.87
087.5455;Biellette barre stabilisatrice;P 1007 P 206/C2/C CIT DS1;125.60
087.5485;Biellette barre stabilisatrice;P 406;128.92
093.5025;Silent bloc de bras de suspension;P404;22.99
093.5155;Palier barre stabilisatrice;DUCATO;25.51
094.5095;Palier barre stabilisatrice;P504.P505(d24);6.74
094.5395;Palier barre stabilisatrice;P.205 E;47.70
094.5355 L;Palier barre stabilisatrice;P.305 405 (DIAM 22);46.47
094.5365;Palier barre stabilisatrice;P.205 P.309;27.23
094.5375;Palier barre stabilisatrice;P205/309;25.02
094.5405;Palier barre stabilisatrice;P205/P309/C15;24.73
094.5425;Palier barre stabilisatrice;P.205 P309;28.82
094.5435;Palier barre stabilisatrice;P.205 P309;27.92
094.5535 L;Palier barre stabilisatrice;P405;38.26
094.5565;Palier barre stabilisatrice;CAX P 106;38.03
094.5595;Palier barre stabilisatrice;;34.62
094.5605;Palier barre stabilisatrice;P 306;27.00
094.5635;Palier barre stabilisatrice;P 306/CXSARA/ZX;53.85
094.5655;Palier barre stabilisatrice;P 306;40.71
094.5665;Palier barre stabilisatrice;P 605;48.19
094.5705;Palier barre stabilisatrice;P PARTNER P 106/C BERLINGO;44.95
094.5775;Palier barre stabilisatrice;CIT XSARA (DIAM 20);49.39
094.5795;Palier barre stabilisatrice;P 206 (DIAMETRE 19);41.52
094.5805;Palier barre stabilisatrice;P 307 (DIAM 21);49.98
094.5875;Palier barre stabilisatrice;CIT BERLINGO/C4/PICASSO-P01 PARTNER 3008-307/308-3008;50.00
094.5895;Palier barre stabilisatrice;PARTNER 3008-307/308-3008;49.73
100.3527;Nécessaire réparation de train AV;P404;121.71
100.3545;Nécessaire réparation de train AV;P 205 11/C VISA DAC 15;98.41
100.3547;Nécessaire réparation de train AV;P304(77),P305(-83);207.61
100.3548;Nécessaire réparation de train AV;P305TT (DE PLUS 80);169.41
100.3549;Nécessaire réparation de train AV;P504 TT P004;125.46
100.3552;Nécessaire réparation de train AV;P504 505;120.71
100.3565;Nécessaire réparation de train AV;P.309 TT;121.27
100.3572;Nécessaire réparation de train AV;R.TWINGO;188.05
100.3576;Nécessaire réparation de train AV;R.KANGOO;412.68
100.3836;Nécessaire boitier de direction;P404;178.66
100.4003;Nécessaire réparation poussoir de direction;P204D,P304(<77);53.16
100.4005;Nécessaire réparation poussoir de direction;P304(77>),P305,P504,P505(<2/84);65.94
100.5032;Nécessaire réparation butée de ressort;P404;216.32
100.5250;AVOIR;KIT DE PROTECTION D'AMORTISSEUR;305.93
100.5269;AVOIR;KIT DE SUSPENSION;477.61
100.5518;Butée de suspension;P.205 D/P.309 D;27.97
100.6004;Nécessaire soufflet de cardan;C.VISA/ZX/C.BERLINGO/C15/P.205/304/305/30 9/504/505;130.67
100.9359;Soufflet cardan;PGT 205 - 309 - 405;30.02
100.9373;Soufflet cardan;SUPER 5/R9/ R11/ R18/ R21/ R25;34.11
103.4A84;Axe de volant;P.205 N.V/P.309;614.94
103.4C34;Axe de volant;P.405;721.39
103.4C84;Axe de volant;P.306;739.47
103.4C94;Axe de volant;P.306/405/ZX;506.14
107.A562S;Nécessaire réparation de train AV;BERLINGO/P.306/P.PARTNER;571.52
121.3263;Arrêt d'huile différentiel;P.106/305/309/405/605;37.97
121.3273;Arrêt d'huile différentiel;PGT.405;38.08
128.2172;Tige d'ancrage de pédale;P.405;25.27
131.1041;Mano-contact d'huile;P.104/204/205/304/404/505 J7;72.74
131.5045QX;Silent bloc de ressort;P403,P404;44.93
131.5395;Silent bloc de ressort;P404/P504/P505;73.21
131.5455;Roulement train AR à aiguilles;P.205/P.306/P.309;51.18
131.5475;Articulation bras de suspension;P.405/PARTNER/C.BERLINGO;58.55
131.5485;Roulement train AR à aiguilles;P.205/P.306/P.309;89.04
131.5495;Roulement train AR à aiguilles;FIAT DUCATO-PGT BOXER-CIT.JUMPER;56.72
131.5725;Articulation essieu AR;P.205;39.06
131.5745;Articulation de berceau;PGT 206;77.72
131.5935;Palier barre stabilisatrice;PGT 206;94.46
131.5945;Palier barre stabilisatrice;PGT 406;91.03
131.5995;Articulation bras de suspension;CIT (C2/C3/C3 PLURIEL);233.49
131.5C25;Suspension Support Essieu;P.205/306/309;79.62
132.5495;Roulement train AR à aiguilles;CIT AX/SAXO/P106;98.15
132.5555;Roulement train AR à aiguilles;PGT 206;157.23
132.5725;Roulement train AR à aiguilles;PGT 307;127.07
142.5325;Support triangle suspension;P.205D/309D;96.36
151.5105;Support traverse;;
151.5245;Articulation essieu AR;PGT 405;254.62
152.5165;Support traverse AR / G;P504/P505/P604;66.09
152.5175;Support traverse AR / D;P504/P505/P604;70.76
152.5185;Support train AR;P504/P505/P604;75.22
152.5625;Support traverse;CITROEN BERLINGO/P.PARTNER C/PICASSO;231.15
163.021;Bouchon de Vidange;P205/ P404/ P504/ P505;6.18
164.002;Joint vidange;PEUGEOT T.TYPE;1.74
166.5375;Butée talonnage de bras de suspension;PGT 206;49.57
167.4001;Poulie roue libre alternateur;RLT CLIO II-DAVIA SANDERO-NISSAN/MICRA;378.65
167.4002;Poulie roue libre alternateur;RLT CLIO II/SCENIC/MEGANE;350.49
167.4006;Poulie roue libre alternateur;AUDI A3-VW GOLF IV/V;411.15
167.6001;Poulie roue libre alternateur;AUDI A3-VW GOLF IV/V;414.26
167.6002;Poulie roue libre alternateur;AUDI A4/A6-VW PASSAT;404.89
167.6005;Poulie roue libre alternateur;SEAT CORDOBA-VW GOLF IV/PASSAT/POLO/TRANSPORTER;385.28
167.6008;Poulie roue libre alternateur;AUDI A3/A4/A5/A6/Q5-VW GOLF V/VII;381.55
167.6011;Poulie roue libre alternateur;CIT C4-PGT 206/207-FIAT DUCATO;441.76
170.0003;Biellette barre stabilisatrice;PGT PARTNER;271.27
175.4026;Kit de distribution;DACIA (DOKKER/DUSTER/LOGAN (1.5DCI)(119DX27))-RNLT(CAPTUR/CLIO IV/KADJAR);852.45
178.5315;Biellette barre stabilisatrice;P.605;437.43
178.5395;Biellette barre stabilisatrice;P.406;224.16
178.5435;Biellette barre stabilisatrice;PGT 607/CIT. XM;272.62
179.5025;Silent bloc de bras de suspension;P404,P504;22.62
181.5065;Palier barre stabilisatrice;P504/P505/P604;4.75
190.0002;Soufflet cardan;(COTE BV) CIT (C4/C4 PICASSO)-PGT(307/406/407/607);123.38
190.0015;Soufflet cardan;(COTE ROUE) CIT (C4/C4 PICASSO)-PGT(307/407/607);135.75
190.0025;Soufflet cardan;CIT (BERLINGO (DÈS 2000) C2 C3)-PGT(206/2008/307/308/3008/407/208);127.92
190.4013;Soufflet cardan;DACIA DUSTER (2.1 16V);122.71
190.4023;Soufflet cardan;DACIA LOGAN/SANDERO (1.5DCI/1.4I MPI/1.6I MPI);136.59
190.4036;Soufflet cardan;DACIA LOGAN/LOGGY (1.5DCI/1.4I MPI/1.6I MPI);125.99
190.4045;Soufflet cardan;DACIA DOKKER (COTE ROUE);131.54
190.6033;Soufflet cardan;AUDI(A3/A4)-SEAT(IBIZA/LEON)-VW(PASSAT/POLO/TIGUAN/TOURAN);166.50
190.6064;Soufflet cardan;NISSAN(QASHQAI/JUKE)-TOYOTA (AURIS/AVENSIS/COROLLA);150.49
190.6065;Soufflet cardan;NISSAN QASHQAI;169.23
195.4001;Bague D'Etanchéité;COTÉ B.V. DACIA (DOKKER/DUSTER/LODGY/LOGAN)-RNLT(19/CLIO I-II-III/KANGOO);60.29
195.4012;Bague D'Etanchéité;DACIA (DOKKER/LOGAN I -II)-RNLT (CLIO/LAGUNA/MEGANE/SCENIC);38.32
195.4018;Bague D'Etanchéité;DACIA (DOKKER/LOGAN/SANDERO)-RNLT(CLIO/LAGUNA/KANGOO)-NISSAN;35.20
200.1003;Support amortisseur AV;C.AX/P106;128.92
200.1005;Support moteur AV / D;AX;191.87
200.1009;Support moteur;C.XANTIA;195.51
200.1014;Articulation de support moteur;PGT406 (XUD9TE/SD/11BTE);88.13
200.1015;Articulation de support moteur;P406 (XUD9TE/SD/11BTE);68.48
200.231;Biellette de changement de vitesse;C.15D;121.22
200.4005;Axe de volant;C.15D A.M;743.57
200.5113;Rotule de suspension direction mécanique;C.ZX/BERLINGO/XSARA/PARTNER D.16;129.73
200.5202;Biellette barre stabilisatrice;C.XANTIA;161.08
200.525;Silent bloc de bras de suspension AV;CIT BERLINGO/ZX-P/306/PARTNER;32.23
200.5253;Silent bloc de bras de suspension AR;CITROËN AX;56.62
200.5256;Silent bloc de bras de suspension AV;C.BX;97.57
200.5257;Silent bloc de bras de suspension AR;C.BX;89.50
200.5261;Articulation de berceau;BX/C15D/BX (AV/G TRAVERSE AR);248.76
200.5271;Palier barre stabilisatrice;CAOUTCHOUC DE PALIER;28.80
200.5273;Palier barre stabilisatrice;C.ZX;73.90
200.5281;Palier barre stabilisatrice;CITROËN C15 D;42.01
200.6021;Rotule axiale de direction assistée;C.BERLINGO/ZX/P.PARTNER;164.88
201.1481;Pompe à eau;P.205/306/309/405/C15/P.J5/ROVER 200/400;423.73
204.057;Vis de culasse;P.205/P.306/P.309/ P.405;58.95
210.5145;Support amortisseur AV;J5/C25;188.72
210.5205;Support amortisseur AV / D;CIT C3/C4/C5/JUMPY-PGT PARTNER/206/307/PARTNER (D.153-6 STRIES);374.85
215.0004;Poulie de vilebrequin;CIT C1/C2/C3/XSARA-PGT 107/1007/206/307 (1.4HDI);562.15
215.0015;Poulie de vilebrequin;CIT. C2/C3-PGT 307 (1.4I/1.6I 16V);501.44
215.4011;Poulie de vilebrequin;DACIA LOGAN/SANDERO/DUSTER/LODGGY (1.5DCI/1.6I) 16V;418.78
215.4016;Poulie de vilebrequin;RLT KANGOO II-LAGUNA III-SCENIC III-CLIO III (1.5DCI);834.59
215.6008;Poulie de vilebrequin;OPEL ASTRA;1068.82
215.6025;Poulie de vilebrequin;PGT(2008/207/208/308/3008/508/5008/PARTNER)-CIT(BERLINGO/C3/PICASSO)-BMW SERIE 1;388.54
215.6034;Poulie de vilebrequin;BMW SERIE 3(E46/E90/E93)/X3/X5;2369.14
215.6035;Poulie de vilebrequin;FORD TRANSIT;1198.67
215.6072;Poulie de vilebrequin;HYUNDAI(I10/I20/I30/IX20/IX35)-KIA(CARENS/CEED/CERATO/PICANTO/RIO/SOUL/SPORTAGE);882.78
225.0001;Articulation bras de suspension;CIT C2- PGT 206;123.59
225.0002;Silent bloc de bras de suspension AV;CIT. C5-PGT 407;81.87
225.0006;Silent bloc de bras de suspension;CIT C1-PGT 107-TOYOTA AYGO (1.0/1.4HDI);85.01
225.0007;Silent bloc de bras de suspension;PGT 207/208/CIT.C3 PICASSO;59.44
225.0008;Support triangle suspension;PGT 407;134.01
225.0014;Silent bloc de bras de suspension SUP;CIT C5/C6-PGT 407/508 (1.6/1.8/2.0/2.2HDI);74.59
225.0019;Silent bloc de bras de suspension AV;PGT 407;54.22
225.0022;Silent bloc de bras de suspension;CIT C3/DS3;88.97
225.0023;Articulation bras de suspension;CITROËN C3 II;74.95
225.0026;Silent bloc de bras de suspension;CIT(C3/C4) - PGT(2008/208);95.17
225.0033;Silent bloc de bras de suspension;(AV/AR) CIT(C4/PICASSO)-PGT 308 II;74.95
225.0034;Silent bloc de bras de suspension;(AV/AR) CIT(C4/PICASSO)-PGT (308 II/3008 II);69.15
225.0037;Articulation bras de suspension;CIT C4 - OPEL GRANDLAND - PGT (3008/5008/RIFTER);83.70
225.4002;Silent bloc de bras de suspension AV;RLT MEGANE II/SCENIC II (AN.2002-2007);66.96
225.4003;Silent bloc de bras de suspension AV;(=225.4018)RLT MEGANE II/SCENIC II (AN.2002-2007)/CLASSIC;80.11
225.4007;Silent bloc de bras de suspension AV;RLT TRAFIC II;120.78
225.401;Silent bloc de bras de suspension AV;RLT MEGANE III-SCENIC III-FLUENCE;97.34
225.4011;Silent bloc de bras de suspension AR;RLT MEGANE III-SCENIC III-FLUENCE;86.94
225.4013;Silent bloc de bras de suspension AR;RLT LAGUNA III;174.99
225.4015;Silent bloc de bras de suspension AV;DACIA DUSTER (1.5DCI);53.10
225.4016;Silent bloc de bras de suspension;RNLT LAGUNA;127.58
225.402;Silent bloc de bras de suspension;RNLT(MEGANE IV/SCENIC IV);89.68
225.4021;Silent bloc de bras de suspension;RNLT MEGANE IV;128.16
225.4025;Silent bloc de bras de suspension;NISSAN (QASHQAI/X-TRAIL)-RNLT KOLEOS;77.45
225.4026;Silent bloc de bras de suspension AV;RLT KADJAR (D.EXT.55)(D.INT.14);121.18
225.4027;Silent bloc de bras de suspension AV;RLT KADJAR (D.EXT.57.8)(D.INT.12);120.78
225.6001;Silent bloc de bras de suspension;VW. POLO (1.4TDI/1.9TDI/SDI)-SEAT CORDOBA/BIZA;60.96
225.6002;Articulation bras de suspension;VW CADDY/TIGUAN (DROIT);215.84
225.6003;Articulation bras de suspension;VW CADDY/TIGUAN (GAUCHE);215.68
225.6005;Articulation bras de suspension;AUDI A4/A6;98.77
225.6007;Silent bloc de bras de suspension AR;VW TIGUAN/PASSAT;236.84
225.6009;Articulation bras de suspension;GRANDE PUNTO AR.;92.70
225.601;Silent bloc de bras de suspension AV;FIAT 500;78.95
225.6012;triangle de suspension de roue;FIAT(PUNTO/PANDA)-LANCIA(MUSA/YSILON);69.24
225.6014;Silent bloc de bras de suspension AV;FIAT DOBLO/PALIO/STRADA;51.47
225.6024;Silent bloc de bras de suspension;MERCEDES CLASSE A;81.37
225.6032;Articulation bras de suspension;GRANDE PUNTO AV.;55.33
225.6038;Articulation bras de suspension;SEAT (CORDOBA/BIZA V)-VW POLO;55.78
225.6049;Articulation bras de suspension;FORD TRANSIT;86.33
225.6064;Silent bloc de bras de suspension AV;HYUNDAI ACCENT/LX20-KIA RIO/SOUL/VENGA;37.20
225.6078;Silent bloc de bras de suspension AV;VW CADDY III/VW JETTA-SCODA OCTAVIA II;127.16
225.6084;Silent bloc de bras de suspension;VW(GOLF VII/PASSAT VIII) - AUDI A3 - SEAT(LEON/OCTAVIA);81.62
225.6088;Silent bloc de bras de suspension;VW(GOLF VII/PASSAT/TOURAN) - AUDI (A1/A3);60.07
225.6089;Silent bloc de bras de suspension;AUDI (A1 2014-->/A3 2012-->) - VW (SUPERB GOLF VII/PASSAT);65.60
225.6093;Silent bloc de bras de suspension;FIAT 500;90.93
225.6102;Articulation essieu AR;HYUNDAI TUCSON - KIA SPORTAGE;70.35
225.6127;Articulation bras de suspension;HYUNDAI (SANTA-FE / IX35)-KIA(CARENCE/SORENTO);127.65
225.6163;Articulation bras de suspension;AUDI(A3/Q2/Q3)-VW(GOLF VII / POLO VII / TIGUAN);75.96
230.0004;Caoutchouc de barre;PGT 407;60.29
230.0005;Palier barre stabilisatrice;PGT 206;54.16
230.0008;Palier barre stabilisatrice;CIT.C5/PGT 407 (2.2);61.66
230.0009;Biellette barre stabilisatrice;PGT 407;159.28
230.0011;Biellette barre stabilisatrice;PGT 407;189.59
230.0012;Biellette barre stabilisatrice;PGT 207 CÔTÉ DROIT;99.93
230.0013;Biellette barre stabilisatrice;PGT 207 CÔTÉ GAUCHE;99.93
230.0014;Palier barre stabilisatrice;PGT 207;44.17
230.0015;Palier barre stabilisatrice;PGT 207;47.81
230.0018;Biellette barre stabilisatrice;CIT C4 - PGT (4007 / 4008);374.99
230.0019;Biellette barre stabilisatrice;PGT 307/308 (=230.0019);122.18
230.0024;Palier barre stabilisatrice;PGT 607/CIT. XM;47.15
230.0027;Palier barre stabilisatrice;CIT C4-PGT 308;48.77
230.0029;Biellette barre stabilisatrice;FIAT LINEA/QUBO/FIORINO (1.3JTD/1.6JTD);127.40
230.003;Biellette barre stabilisatrice;CIT.C4 PICASSO/BERLINGO (1.6/2.0HDI)-PGT 5008/PARTNER (1.6I/1.6HDD);162.83
230.0031;Palier barre stabilisatrice;PGT 207 (1.4/1.4HDI/1.6HDI) (D.22);42.57
230.0032;Palier barre stabilisatrice;CIT.C3 PICASSO (1.4/1.6/1.6HDI);45.90
230.0033;Palier barre stabilisatrice;PGT 407 (1.8I/2.0I/2.2I/3.0I/2.0HDI/2.2HDI/2.7HDI);47.30
230.0034;Palier barre stabilisatrice;CIT BERLINGO-PGT PARTNER (1.6I 16V-1.6HDI);44.98
230.0035;Palier barre stabilisatrice;CIT.C4/DS4/Berlingo (1.4VTI/1.6I/2.0HDI);43.97
230.0036;Palier barre stabilisatrice;CIT.BERLINGO-PGT PARTNER/3008 (1.6I 16V/1.6HDI);43.95
230.0038;Palier barre stabilisatrice;CIT JUMPER-PGT BOXER-FIAT DUCATO (2.2HDI/3.0HDI/3.0JTD);80.77
230.0039;Biellette barre stabilisatrice;CIT JUMPER-PGT BOXER-FIAT DUCATO (2.2HDI/3.0HDI/3.0JTD);142.41
230.0046;Palier barre stabilisatrice;CIT C-CROSSER / PGT 4007 / MITSUBISHI OUTLANDER II;31.83
230.0055;Palier barre stabilisatrice;PGT 208/2008;74.60
230.0057;Biellette barre stabilisatrice;CIT(C4/DS7)-PGT(308/3008/5008/RIFTER)-OPEL GRANDLAND;155.19
230.4002;Biellette barre stabilisatrice;RLT MEGANE II;128.83
230.4003;Palier barre stabilisatrice;RLT LAGUNA II;44.57
230.4006;Palier barre stabilisatrice;RLT MEGANE II;44.67
230.4009;Biellette barre stabilisatrice;NISSAN (QASHQAI/X-TRAIL)-RNLTKOLEOS I;156.26
230.401;Biellette barre stabilisatrice;NISSAN (QASHQAI/X-TRAIL)-RNT KOLEOS;152.40
230.4011;Biellette barre stabilisatrice;DACIA DUSTER (AN.2010)-RLT LAGUNA III (AN.2007);126.76
230.4015;Palier barre stabilisatrice;RLT CLIO III/MEGANE II/SCENIC II;29.46
230.4016;Silentbloc barre stabilisatrice;RENAULT (SCÉNIC II 1.6-CLIO III 1.5/1.6/2.0);32.23
230.4019;Biellette barre stabilisatrice;RLT SCENIC III / MEGANE III;175.12
230.4022;Palier barre stabilisatrice;RLT KANGOO II (1.5 DCI)(CHASSIS LONG);41.47
230.4025;Palier barre stabilisatrice;RLT LAGUNA III (1.5DCI-1.6I 16V);77.45
230.4026;Palier barre stabilisatrice;DUSTER (1.5DCI/1.6I/2.0I) 16V;24.20
230.4028;Palier barre stabilisatrice;RNLTClio III;30.65
230.4032;Palier barre stabilisatrice;RLT MEGANE III/FLUENCE;51.16
230.4033;Biellette barre stabilisatrice;DACIA DUSTER;135.31
230.4036;Palier barre stabilisatrice;RENAULT MASTER III;34.22
230.4037;Palier barre stabilisatrice;RENAULT MASTER III / OPEL MOVANO B;31.38
230.4041;Biellette barre stabilisatrice;RLT MEGANE III/FLUENCE;156.26
230.4045;Palier barre stabilisatrice;(25MM) DACIA DOKKER/LODGY/LOGAN;25.49
230.6001;Biellette barre stabilisatrice;VW POLO/LUPO;57.84
230.6004;Biellette barre stabilisatrice;MERC. SPRINTER-VW CRAFTER (AV/D);183.52
230.6005;Biellette barre stabilisatrice;MERC. SPRINTER-VW CRAFTER (AV/D);164.78
230.6007;Biellette barre stabilisatrice;AUDI A3-VW GOLF IV-SEAT LEON (COTE GAUCHE);147.29
230.6008;Biellette barre stabilisatrice;AUDI A3-VW GOLF IV-SEAT LEON;155.77
230.601;Biellette barre stabilisatrice;AUDI A3/Q3-SEAT-VW GOLF V/VI;129.41
230.6023;Biellette de suspension;GRANDE PUNTO;126.42
230.6025;Biellette barre stabilisatrice;FORD (GALAXY/MONDEO/S-MAX);128.25
230.6028;Biellette barre stabilisatrice;FORD TRANSIT;167.46
230.603;Biellette barre stabilisatrice;FORD FOCUS/C-MAX;167.02
230.6042;Biellette barre stabilisatrice;MERC VITO (638)(108CDI/110CDI/112CDI);132.53
230.6098;Palier barre stabilisatrice;OPEL ASTRA H;32.98
230.6117;Palier barre stabilisatrice;NISSAN QASHQAI;35.02
230.6121;Biellette barre stabilisatrice;HYUNDAI SANTA FE-KIA SORENTO;203.14
230.6122;Biellette barre stabilisatrice;HYUNDAI SANTA FE-KIA SORENTO;197.56
230.6123;Biellette barre stabilisatrice;HYUNDAI SANTA FE-KIA SORENTO;154.66
230.6132;Palier barre stabilisatrice;FORD TRANSIT CONNECT;46.53
230.6133;Palier barre stabilisatrice;FORD TRANSIT CONNECT;45.21
230.6145;Biellette barre stabilisatrice;HYUNDAI I30/TX35-KIA CEED/SPORTAGE;190.16
230.6171;Biellette barre stabilisatrice;HYUNDAI ACCENT-KIA RIO;137.17
230.6172;Biellette barre stabilisatrice;HYUNDAI ACCENT-KIA RIO;126.67
230.6173;Biellette barre stabilisatrice;KIA RIO;127.32
230.6174;Biellette barre stabilisatrice;KIA RIO;127.32
230.6175;Biellette barre stabilisatrice;KIA RIO;171.98
230.618;Biellette barre stabilisatrice;CHEVROLET SPARK;216.34
230.619;Biellette barre stabilisatrice;VW CADDY III;133.92
230.6201;Palier barre stabilisatrice;VW TRANSPORTER T5 & T6;37.97
230.6245;Silent bloc barre stabilisatrice;FORD FIESTA;50.85
230.6257;Biellette barre stabilisatrice;FIAT 500X/TIPO;170.50
230.6273;Palier barre stabilisatrice;FIAT (PALIO/SIENA/DOBLO);59.46
230.634;Biellette barre stabilisatrice;OPEL ASTRA/ZAFIRA (EX:900.5016/900.5078);123.32
245.016;Bouchon c/c tube de pompe à eau;STD T.T;24.62
248.5045;Silent bloc de direction;P403/P404/P504;23.49
249.5205;Axe articulation de bras;P504,P505;31.87
254.5055;Soufflet amortisseur AV;P204/P304/P404/P504;79.94
254.5075;Soufflet amortisseur AV;P104/P204/P304/P305/P404/P504/P505/P604;7.33
254.5135;Soufflet amortisseur AV;P.PARTNER/P.306/405 C.PICASSO/XSA ZX C15;52.71
254.5195;Soufflet amortisseur AV;CIT (C8/EVASION/JUMPY)-PGT (806/807/EXPERT);70.18
254.5265;Soufflet amortisseur AV;P.406;51.22
260.0001;Articulation essieu AR;CIT C4 - PGT 307;146.80
260.0005;Articulation essieu AR;(EX:260.0004)CIT(C4 PICASSO/BERLINGO)-PGT(5008/PARTNER);194.36
260.0006;Articulation essieu AR;CIT.C3/PICASSO-PGT 207 (1.4/1.6/1.6HDI);140.68
260.0007;Articulation essieu AR;CIT BERLINGO-PGT PARTNER TEPEE (1.6HDI);210.43
260.0008;Articulation essieu AR;PGT 308/3008;171.46
260.0009;Articulation essieu AR;PGT 301/CIT. C-ELYSEE (1.6HDI);425.39
260.4001;Silent bloc de bras de suspension;DACIA LOGAN/DUSTER;147.89
260.4002;Articulation essieu AR;RLT KANGOO DCI NM;136.67
260.4003;Articulation essieu AR;RLT MEGANE III (1.5/1.6/1.9DCI/2.0DCI);153.14
260.6001;Articulation essieu AR;GOLF IV/BORA/AUDI TT/SEAT TT/SKODA TT (EX.900.1550);128.19
260.6002;Articulation essieu AR;FIAT BRAVO II / LANCIA DELTA III;341.65
260.6007;Articulation essieu AR;AUDI A5;235.45
265.0001;Butée de suspension;PGT 307;49.46
265.0005;Support amortisseur AV;CITROEN C2 - C3;199.36
265.0011;Coupelle;CITROEN C2 C3 /Pluriel;64.24
265.0014;Support amortisseur AV;PGT 207 (AN.04);151.80
265.0015;Butée de suspension;CIT.C2/C3/PGT 1007;129.46
265.0021;Support amortisseur AV;CIT.C3/C3 PICASSO (1.4/1.6I/1.4HDI/1.6HDI);126.51
265.0031;Support amortisseur AV / G;CIT NEMO-PGT BIPPER-FIAT FIORINO (1.3/1.4HDI/1.3JTD);318.78
265.0032;Support amortisseur AV / D;CIT NEMO-PGT BIPPER-FIAT FIORINO (1.3/1.4HDI/1.3JTD);318.78
265.0033;Support amortisseur AV / G;FIAT DUCATO-CIT JUMPER-PGT BOXER;411.65
265.0034;Support amortisseur AV / D;FIAT DUCATO-CIT JUMPER-PGT BOXER;411.65
265.0037;Butée de suspension;CIT C4/DS4-PGT 308;129.66
265.0038;Butée de suspension;PGT 301/CIT C-ELYSEE (1.6HDD);41.96
265.0042;Butée de suspension;PGT 301/CIT C-ELYSEE (1.6HDI);85.30
265.0043;Butée de suspension;PGT 301/CIT C-ELYSEE (1.6HDI);76.20
265.0051;Support amortisseur AV / G;CIT JUMPY-PGT EXPERT;310.45
265.0056;Support amortisseur AV;CIT DS3/C3-PGT 2008/208;166.75
265.0062;coupelle de suspension AV;CIT (C3 I/II - C2) - PGT 1007;343.48
265.0067;Butée de suspension;CIT(C4/PICASSOII)-PGT(3008/308II/5008II/RIFTER)-OPEL GRANDLAND;237.89
265.0071;coupelle de suspension AV;CIT(C4/PICASSOII)-PGT(3008/308II/5008II/RIFTER)-OPEL GRANDLAND;288.80
265.4002;Butée de suspension;DACIA LOGAN 1.4;90.93
265.4008;Coupelle;RNL T LAGUNA III;288.26
265.4011;Support amortisseur AV;RLT KANGOO DCI NM;236.57
265.4012;Butée de suspension;RLT MEGANE/SCENIC;182.44
265.4019;Support amortisseur AV / G;RNL T MEGANE III;233.16
265.4023;Butée de suspension;RNL T LAGUNA III/SCENIC III/MEGANE III/FLUENCE;194.21
265.4028;Support amortisseur AR;DACIA LOGAN-SANDERO-DUSTER;65.11
265.4032;Soufflet amortisseur AV;RNLT (CAPTUR/CLIO III/CLIO IV/MODUS/ZOE);161.22
265.4035;Support amortisseur AV;RLT CAPTUR/CLIO III/IV/MODUS;152.65
265.404;coupelle de suspension;RNLT MASTER III-NISSAN NV 400-OPEL MOVANO-;572.27
265.4042;Soufflet d'amortisseur;DACIA DOKKER;156.29
265.4043;coupelle de suspension AV;NISSAN QASHQAI II-RNLT (KADJAR/MEGANE IV/SCENIC IV/GRAND SCENIC IV/ESPACE V/TALISMAN);191.80
265.4045;Butée à billes de suspension;NISSAN(QASHQAI II/X-TRAIL)-RNLT(KADJAR/MEGANE IV/SCENIC IV/KOLEOS II/ESPACE V/TALISMAN);162.07
265.6025;coupelle de suspension;FIAT PUNTO / OPEL CORSA / ALFA ROMEO MITO;270.50
265.6065;Support amortisseur AV;MINI MINI ONE/COOPER(R50/R53);605.04
265.6078;Butée d'amortisseur;NISSAN QASHQAI;264.86
265.6079;Butée d'amortisseur;NISSAN QASHQAI;362.41
270.0001;Support moteur;PEUGEOT (206/206+);71.34
270.0002;Support moteur AR;PGT 206 (DW8)(1.9D)(COTE DROIT);61.44
270.0003;Support moteur AV / D;PGT 206 (DW8)(1.9D)(COTE DROIT);43.63
270.0004;Support boite à vitesses;PGT 407;554.72
270.0006;Support moteur;CIT NEMO-FIAT FIORINO-PGT BIPPER;1070.66
270.0009;Support moteur;PGT 307;543.31
270.0012;Biellette support AR;CIT C1-PGT107-TOYOTA AYGO;264.64
270.0021;Biellette support AR;PGT 207;201.62
270.0022;Silent bloc de bras de suspension;PGT 5008/308 CC/CIT.C4 (=270.0019);257.13
270.0023;Biellette support AV;CIT.C5-PGT 407;590.65
270.0025;Support moteur AV;CIT. C4-PGT 308;138.65
270.0026;Support moteur;CIT. C5-PGT 407;361.99
270.0028;Support boite à vitesses / G;CIT C4/C4 PICASSO/DS5-PGT 308/3008/307/5008 (2.0HDI);308.01
270.0029;Support boite à vitesses / G;CIT C3/C3 PICASSO/DS3-PGT 1007/207 (1.6HDI/1.6I 16V);421.29
270.0033;Support boite à vitesses / G;CIT JUMPER-PGT BOXER-FIAT DUCATO (2.2HDI/2.3JTD);722.34
270.0034;Support moteur;PGT 307 / CIT C4;558.59
270.0036;Support moteur AV / D;ANP CDE CIT.BERLINGO-PGT PARTNER TEPEE(1.6HDI);625.16
270.0037;Support moteur AV;CIT C4/DS4/DS5-PGT307/308/3008/3005;516.69
270.0041;Support moteur;CIT C4-PGT 307/308/5008/3008;586.94
270.0042;Support moteur;CIT C3;606.44
270.0043;Support moteur AV / D;CIT, C-ELYSEE-PGT 301;759.73
270.0052;Support moteur AR;FIAT DUCATO-CIT. JUMPER-PGT BOXER;332.44
270.0056;Support moteur;CIT NEMO-PGT BIPPER/BIPPER TEPEE (1.4HDI);647.01
270.0058;Biellette support AV;(=270.0057)PEUGEOT BIPPER - FIAT FIORINO CIT NEMO;397.45
270.0062;Support moteur;CIT (C4/DS4)-PGT (307/308 CC);576.64
270.0068;Support moteur;CTR C5/C6-PGT 407/508;1829.18
270.0073;Support boite à vitesses / G;PGT 301/CIT C-ELYSEE (1.6HDI);559.37
270.0076;Support moteur AV;PGT 307 (1.4I)-CIT C4 (1.4I);1157.32
270.0079;Support moteur;CIT C3/DS3C-ELYSEE-PGT 2008/208/301/308;792.18
270.0088;Support moteur AV / D;CIT(C4 AIRCROSS/PICASSO/JUMPY)-PGT(3008/308II/EXPERT);442.04
270.0094;Support moteur;CIT C5/C8/JUMPY-PGT 407/508/EXPERT TEPEE;556.11
270.0107;Support moteur AR;CIT C4 CACTUS/JUMPY-DS7-OPRL GRANDLAND-PGT 208/2008/308/3008/EXPERT;520.10
270.0116;Support moteur;CIT C4/C4 PICASSO/JUMPY-PGT 308 II/3008;345.96
270.4001;Support moteur;RLT MEGANE, KANGOO;822.77
270.4002;Biellette support AV;RLT MEGANE II/SCENIC/KANGOO 1.5DCI;241.24
270.4003;Support boite à vitesses;(=400.1334)RNLT (CLIO III/KANGOO II/MEGANE II/SCENIC II/MODUS);130.66
270.4015;Biellette support AV;OPEL VIVARO COMBI-RLT TRAFIC II (2.5DCI/DTI);340.07
270.4016;Biellette support AV;OPEL VIVARO COMBI-RLT TRAFIC II (2.5DCI/DTI);696.90
270.4021;Support amortisseur AV / D;DACIA LOGAN (1.4MPI/1.6) AN 2004;571.17
270.4025;Support moteur;RNLT (MEGANE III/SCENIC III);422.41
270.4029;Support moteur AV;RLT LAGUNA III/LATITUDE (3.0DCI);514.47
270.403;Biellette support AV;RLT MEGANE CC 1.9DCI;378.65
270.4034;Support moteur;RLT MEGANE/SCENIC;385.23
270.4035;Bielllette support AV;RLT KANGOO DCI NM;320.00
270.4038;Bielllette support AV;DACIA DUSTER (1.5DCI/1.6I/2.0I 16V);306.52
270.4043;Support boite à vitesses;DACIA DUSTER;213.81
270.405;Support moteur AV / D;OPEL VIVARO-RLT TRAFIC II(2.0DCD);319.05
270.4052;Support moteur;RNLT MASTER III - OPEL MOVANO;634.76
270.4065;Biellette support AV;DACIA LOGAN/SANDERO (1.5DCI);358.13
270.4066;Support moteur;RNLT MEGANE III 1.9 DCI;974.00
270.4068;Support moteur;RNLT (MEGANE III/SCENIC III);938.75
270.407;Support boite à vitesses;RNLT (LAGUNA III COUPE & ESTATE/LATITUDE);508.47
270.4071;Support moteur;RNLT MASTER III - OPEL MOVANO;1167.53
270.4077;Support moteur;RENAULT (MEGANE III/SCENIC III);1269.02
270.4086;Biellette support AV;RLT CLIO IV-DACIA LOGAN/SANDERO NM;183.63
270.4095;Support moteur;DACIA LOGAN/SANDERO;555.57
270.4102;Support moteur;RENAULT KANGOO;1208.88
270.4109;Support moteur;DACIA DOKKER;279.29
270.411;Biellette support AR;RNLT MEGANE III/SCENIC III/FLUENCE;321.00
270.4111;Biellette support AR;RENAULT KANGOO;595.72
270.412;Support moteur;DACIA (LOGAN II/SANDERO II)-RNLT CLIO IV;584.63
270.4122;Articulation de berceau;DACIA DUSTER / NISSAN QASHQAI 2006-->;308.17
270.6002;Support moteur AV;AUDI 3-SEAT LEON-VW GOLF IV (1.9TDI);371.67
270.6015;Support boite à vitesses;FORD C-MAX II GRAND/FOCUS;312.28
270.6023;Biellette support AV;FIAT PUNTO EVO-ALFA ROMEO;294.28
270.6024;Biellette support AR;ALFA ROMEO, FIAT PUNTO;276.55
270.6025;Support moteur;FIAT PUNTO;304.89
270.6027;Biellette support AV;FIAT 500/PANDA;449.27
270.6029;Support moteur;FORD FIESTA/FUSION (1.4TDCI/1.6TDCI);221.84
270.6032;Support moteur AV / D;NISSAN QASHQAI (1.5DCI);333.73
270.6033;Support moteur;NISSAN (QASHQAI/X-TRAIL);348.71
270.6034;Support moteur;NISSAN QASHQAI;888.16
270.6037;Support moteur AV;NISSAN QASHQAI (1.5 DCI);1207.58
270.6045;Support moteur;FIAT PUNTO EVO - ALFA ROMEO;153.94
270.6048;Support boite à vitesses;FIAT PUNTO-ALFA ROMEO;406.37
270.6054;Biellette support AR;FIAT GRANDE PUNTO-OPEL CORSA-ALFA ROMEO;230.94
270.6065;Articulation de berceau;AUDI A3-SEAT LEON II-VW CADDYIII/GOLFV/JETTAIII;135.92
270.6083;Support boite à vitesses;OPEL CORSA D-FIAT PUNTO EVO-ALFA ROMEO MITO;1148.60
270.6094;Support moteur AV / D;AUDI A3-SKODA OCTAVIA- VW GOLF V/VI/JETTA;960.88
270.6101;Support moteur;FORD FOCUS II;832.64
270.6102;Support moteur;FORD (C-MAX/KUGA/FOCUS)-VOLVO (S40/V40/V50);2096.13
270.6103;Support moteur AV / D;FORD FOCUS/C-MAX/CONNECT III;784.50
270.6128;Support boite à vitesses;FORD (FOCUS-/C-MAX/KUGA)- VOLVO(C30/C70/V40/V50);731.21
270.6134;Support moteur;FORD(C-MAX/FOCUS/KUGA) - VOLVO(C30/C70/S40/V50);762.52
270.6157;Support boite à vitesses;VW (GOLF VII/PASSAT VIII)-AUDI A3-SEAT LEON-SKODA OCTAVIA;511.97
270.6162;Support moteur;VW (GOLF/GOLF VII /PASSAT)-AUDI A3 - SEAT LEON-SKODA SUPERB III;938.86
270.617;Support moteur;FIAT DOBLO;295.03
270.6171;Support moteur;FIAT DOBLO (1.6/2.0 D MULTIJET);448.97
270.6241;Support boite à vitesses;FIAT(PUNTO1.4/500L 1.4)-ALFA ROMEO MITA 955;533.69
270.6279;Biellette support AR;FORD FOCUS II/III-VOLVO (C30/S40/V50);402.34
270.6414;Articulation de berceau;NISSAN QASHQAI;121.04
270.6433;Support moteur;FIAT DOBLO (1.3D);308.78
270.6457;Suspension Support Essieu;VW (GOLF/GOLF VII /PASSAT/TIGUAN)- AUDI A3 - SEAT LEON-SKODA SUPERB III;211.15
275.0005;Soufflet direction assistée;PGT 301/CIT C-ELYSEE (1.6HDI);57.64
275.0012;Soufflet direction assistée;CIT(BERLINGO/C4/PICASSO/DS4)- PGT(3008/308/5008/PARTNER);87.79
275.4006;Soufflet direction assistée;DACIA DUSTER (1.2/1.6I/1.5DCI);64.37
287.3813;Nécessaire soufflet de cardan;P.PARTNER/P.406/C.XM;120.95
293.3023;Soufflet cardan;(COTE ROUE) CIT (C4/C5/XANTIA XM)-PGT (307/406/407/605/607);149.11
293.3033;Nécessaire soufflet de cardan;P.PARTNER/C.XANTIA/P.406;158.47
295.0002;Butée élastique silenctieux;CIT (C2/C3/PICASSO/DS3)-PGT 207;128.39
295.0007;Support échappement;CIT. C3 PICASSO-PGT 207 (1.4VTI/1.4HDI/1.6HDI);98.60
295.0013;Butée élastique silenctieux;CIT (BERLINGO/ C4 PICASSO)- PGT(5008/PARTNER);207.24
295.0015;Support échappement;CIT C4/PICASSO/C5/Berlingo-PGT 3008/407/508/5008/PARTNER (1.6HDI/2.0HDI);46.28
295.0017;Support échappement;CIT DS24/DS5/C4/C5/Berlingo-PGT 307/308/508/5008/PARTNER (1.4HDI/1.6HDD);95.17
295.0018;Butée élastique silenctieux;CIT(C4/C8/JUMPY)-PGT(307 CC/308/3008);54.28
295.6017;Support cardan;FORD TRANSIT (2.2 TDCI / 2.4 TDCI / 3.2 TDCI);262.35
297.3143;Écrou de moyeu;P104;24.36
300.8034;Rotule axiale de direction assistée;RLT KANGOO;155.88
300.804;Rotule axiale de direction mécanique;RLT CLIO II/KANGOO;147.18
300.8041;Rotule axiale de direction assistée;RNLT (R9/R11);171.24
300.8042;Rotule axiale de direction assistée;R.LAGUNA II;165.26
300.8043;Rotule axiale de direction assistée;RLT MEGANE I;180.39
300.8049;Rotule axiale de direction assistée;RNLT (MEGANE I/SCENIC I);171.55
300.8071;Biellette direction;C25-DUCATO DEP.81/94-J5;240.22
300.808;Rotule axiale de direction assistée;CIT C3;221.34
300.8109;Rotule axiale de direction assistée;RLT MEGANE;138.22
300.8154;Biellette direction;P.406 DEPUIS 09/95;247.85
300.8159;Rotule axiale de direction assistée;P.307;156.11
300.8235;Rotule axiale de direction assistée;R/LAGUNA;195.25
300.8241;Rotule axiale de direction assistée;RLT CLIO III/MODUS;164.77
300.8242;Rotule axiale de direction assistée;R.MEGANE II/SCENIC II;141.04
300.825;Rotule axiale de direction assistée;R.LOGAN;154.39
308.4044;AVOIR;JEU DE RESSORT DE FREINS AR;92.46
311.3053;Axe de Roue;P403/P404/P504;27.17
311.3133;Axe de Roue;P.504;22.64
315.4084;Ancrage de ressort latéral de Segment de frein;STD;5.77
330.0004;Thermostat;MINI R55/R56/R57-CIT C4/DS3-PGT 207/308/3008/5008;989.27
330.0005;Thermostat;CTR(BERLINGO/C-ELYSEE/C2/C3/C4/XSARA)-PGT(1007/206/207/307/308/PARTNER);239.87
330.0006;Thermostat;PGT 107/206/207/307/308/407/BIPPER/PARTNER;367.54
330.0013;Thermostat;CIT BERLINGO/C3//C4/PICASSO/DS3-PGT 207/3008/308;741.94
330.0015;Thermostat;PGT(207/208/308/3008/5008)- CIT (BERLINGO (2008-->)/C3/C4/C5/BERLINGO);951.44
330.0016;Thermostat;PGT 207/208/301/308/508/PARTNER (1.6HDI);723.20
330.0019;Thermostat;CIT CROSSER/C5/C6/C8-FORD GALAXY/MONDEO;377.66
295.4007;Support échappement;DACIA DUSTER (1.5DCI/1.6/2.01 16V);54.28
295.6017;Support cardan;FORD TRANSIT (2.2 TDCI/2.4 TDCI/3.2 TDCI);262.35
297.3143;Ecrin de moyeu;P104;24.36
300.8034;Rotule axiale de direction assistée;RLT KANGOO;155.88
300.804;Rotule axiale de direction mécanique;RLT CLIO II/KANGOO;147.18
300.8041;Rotule axiale de direction assistée;RNLT (R9/R11);171.24
300.8042;Rotule axiale de direction assistée;R/LAGUNA II;165.26
300.8043;Rotule axiale de direction assistée;RLT MEGANE I;180.39
300.8049;Rotule axiale de direction assistée;RNT (MEGANE I/SCENIC I);171.55
300.8071;Biellette direction;C25-DUCATO DEPUIS 94-15;240.22
300.808;Rotule axiale de direction assistée;CTT C3;221.34
300.8109;Rotule axiale de direction assistée;RLT MEGANE;138.22
300.8154;Biellette direction;P.406 DEPUIS 09/95;247.85
300.8159;Rotule axiale de direction assistée;P.307;156.11
300.8235;Rotule axiale de direction assistée;R/LAGUNA;195.25
300.8241;Rotule axiale de direction assistée;RLT CLIO III/MODUS;164.77
300.8242;Rotule axiale de direction assistée;R.MEGANE II/SCENIC II;141.04
300.825;Rotule axiale de direction assistée;R.LOGAN;154.39
308.4044;AVOIR;JEU DE RESSORT DE FREINS AR;92.46
311.3053;Axe de Roue;P403/P404/P504;27.17
311.3133;Axe de Roue;P.504;22.64
313.4084;Ancrage de ressort latéral de Segment de frein;STD;5.77
330.0004;Thermostat;MINI R55/R56/R57-CIT C4/DS3-PGT 207/308/3008/5008;989.27
330.0005;Thermostat;CTR(BERLINGO/C-ELYSEE/C2/C3/C4/XSARA)-PGT(1007/206/207/307/308/PARTNER);239.87
330.0006;Thermostat;PGT 107/206/207/307/308/407/BIPPER/PARTNER;367.54
330.0013;Thermostat;CTT BERLINGO/C3//C4/PICASSO/DS3-PGT 207/3008/308;741.94
330.0015;Thermostat;PGT(207/208/308/3008/5008)- CIT (BERLINGO (2008--->)/C3/C4/C5/BERLINGO);951.44
330.0016;Thermostat;PGT 207/208/301/308/508/PARTNER (1.6HDI);723.20
330.0019;Thermostat;CTT CROSSER/C5/C6/C8-FORD GALAXY/MONDEO;377.66
330.4012;Thermostat;RLT LAGUNA II/MEGANE II/SCENIC/TRAFIGII;419.94
330.4016;Thermostat;RNLT(CLIO III/CLIO IV//KANGOO II)-DACIA(DOKKER/LOGAN II/SANDERO II) -NISSAN(JUKE/QASHQAI);263.45
330.4019;Thermostat;RLT CLIO II/LAGUNA II;333.89
330.4020;Thermostat;RLT CLIO III/LAGUNA II/MEGANE II/III/SCENIC II/TWINGO II;294.48
330.6009;Thermostat;BMW SERIE 1 (E81/87)-SERIE 3(E46/E90/E91)-X1/X3/Z4;519.07
330.6020;Thermostat;FIAT 500/BRAVO/GRAND PUNTO/PUNTO/DOBLO;252.20
330.6048;Thermostat;OPEL ASTRA G/ZAFIRA;245.07
330.6049;Thermostat;FIAT CROMA/GRAND PUNTO-OPEL ASTRA H/VECTRA C/ZAFIRA;459.38
330.6099;Thermostat;FORD C-MAX/FIESTA/FOCUS/GALAXY/MONDEO-VOLVO C30/S40/V50;270.39
335.4002;Durite filtre à air;DACIA DUSTER/LOGAN/SANDERO-RLT CLIO II/KANGOO/SYMBOL;801.42
335.6001;Durite filtre à air;AUDI A3-SEAT (ALTEA/LEON/TOLEDO)-SKODA (OCTAVIA/SUPERB)-VW (GOLF V/JETTA/PASSAT/CADDY);430.92
336.1A11;Thermostat;CIT(BERLINGO/XANTIA XM/XSARA ZX)-PGT(306/PARTNER);44.17
336.1Q21;Thermostat;89° PGT/PARTNER;213.25
337.1251;Thermostat;P403D/P404D/P504D;124.59
337.1261;Thermostat;P403D/P404D/P504D;124.22
337.1271;Thermostat;P.205/309/405;120.58
337.1641;Thermostat;P205/P305/P505;163.28
338.1211;Thermostat;CITROEN AX;123.65
338.1231;Thermostat;P.205D/306D/405D;167.83
338.1381;Thermostat;CITROEN JUMPER;173.98
340.0054;Durite chauffage;CIT (BERLINGO/C4/PICASSO/XSARA PICASSO)-PGT (3008/307/5008/PARTNER);160.88
340.0133;Durite radiateur supérieur;PGT 307;60.48
340.4040;Durite radiateur supérieur;RNLT KANGOO II;98.43
340.4052;Durite chauffage;DACIA LOGAN/SANDERO (1.5DCI);36.13
340.4062;Durite chauffage;DACIA LOGAN/SANDERO (1.5DCI);43.73
340.4068;Durite chauffage;DACIA LOGAN/SANDERO (1.4I MPI/1.6I MPI);124.69
340.4071;Durite radiateur inférieur;DACIA LOGAN/SANDERO (1.5DCI);135.31
340.4081;Durite radiateur inférieur;RNLT (CLIO II/KANGOO I /SYMBOL);53.72
340.4141;Durite chauffage;RNLT KANGOO II;160.39
340.6089;Durite radiateur inférieur;FIAT (PUNTO/PUNTO EVO/GRANDE PUNTO)- ALFA MITO;123.17
346.5135;Ecrou d'amortisseur;P404/P404D/P504/P505/P604;36.94
348.0N40;Joint collecteur;P.307;64.65
355.1041;Bouchon c/c tube de pompe à eau;P104/204/205/304/305/405/505;25.18
365.0001;Pompe à huile mécanique;CIT(C1/C2/C3/Picasso/BERLINGO)- PGT(206/207/1007/3008/307/308/407/5008/BIPPER);952.91
365.0009;Pompe à huile mécanique;CIT JUMPER II-FORD TRANSIT-PGT BOXER;872.58
365.0011;Pompe à huile mécanique;FORD TRANSIT-PGT BOXER;1085.65
370.4005;Mano-contact d'huile;DACIA DOKKER/DUSTER/LODGY/LOGAN I/SANDERO I-RLT CLIO III/IV/CAPTUR;147.47
399.5125;Nécessaire réparation tête amortisseur;P504/P505;77.61
399.5135;Nécessaire réparation tête amortisseur;P.404;88.87
399.5225;Nécessaire réparation tête amortisseur;P504/P505;44.23
400.0361;Thermostat;R/19 (91°);121.71
400.0378;Capot Thermostat;DACIA DUSTER/LOGAN/SANDERO/-RLT CLIO II/KANGOO/LAGUNA;42.99
400.0384;Thermostat;DACIA LOGAN (1.5DCI);227.20
400.0601;AVOIR;JEUX DE POUSSOIR DE CULBUTEUR;179.34
400.0701;Poulie de vilebrequin;RLT 9/11 MEGANE 1 (D.132X6 NEVURES);502.18
400.1304;Support traverse;R4;33.88
400.1307;Support moteur AV / G;R.4;151.96
400.1318;Support moteur AV;R.TRAFIC;121.11
400.1320;Support moteur AV;R.TRAFIC;234.52
400.1327;Support moteur AV / G;R25;213.36
400.1330;Support moteur AV / D;R.EXPRESS/R.SUPER 5 /R9/R11;134.32
400.1335;Support moteur AR;R21 D;258.53
400.1336;Support moteur AV / G;R21 D;242.53
400.1340;Support moteur AV / G;R9/R11/SUPER 5/R21/EXPRESS;129.32
400.1342;Support boite à vitesses;SUPER 5 /R21 EXPRESS D;153.51
400.1345;Support moteur AV / D;R25;179.25
400.1346;Support boite à vitesses;R25;265.57
400.1348;Support boite à vitesses;R25;271.66
400.1349;Support moteur AV / D;R19;233.33
400.135;Support boite à vitesses;R19/MEGANE;175.17
400.1352;Support moteur AV / G;R19 D;285.05
400.136;Support moteur AV / G;R18 D;187.71
400.1363;Support moteur AV;R18 D/ESPACE;82.69
400.1366;Support moteur AV;R20;180.60
400.1367;Support moteur;R20/R25;320.85
400.137;Support boite à vitesses;R.19/ R.21/R.CLIO II /R.MEGANE/R.KANGOO;82.07
400.1373;Support moteur AR;R.21;883.36
400.1374;Biellette support AV;R.CLIO/R. KONGOO;84.44
400.1375;Support moteur AV / D;R.CLIO / R. EXPRESS;372.17
400.1377;Support amortisseur AV;R.21;306.63
400.1378;Support moteur;KANGOO/R.CLIO/EXP. N.M;649.15
400.1379;Support moteur AV / D;RLT CLIO I;252.70
400.138;Support moteur AR;R.CLIO;282.27
400.1383;Support boite à vitesses / D;R.ESPACE;411.87
400.1384;Support boite à vitesses / G;R.ESPACE;324.93
400.1385;Support moteur AV / D;R.MEGANE;361.94
400.1388;Biellette barre stabilisatrice;R.KANGOO;172.45
400.1389;Support moteur;R.TWINGO;619.82
400.1392;Support moteur;R.TWINGO;415.79
400.1395;Biellette support AR;R.SAFRANE;952.69
400.1396;Biellette support AV;R.SAFRANE;986.63
400.14;Silent bloc de direction;ARTICULATION OEIL DE CREMAILLERE;27.21
400.1402;Silent bloc de bras de suspension;R4/R6;23.99
400.1413;Silent bloc de bras de suspension;R18/R19/R21/R.MEGANE;44.46
400.1414;Support train AR;RLT 9/11 SUPER 5;96.51
400.1415;Articulation bras de suspension;RENAULT 4/5;33.21
400.1416;Articulation bras de suspension;R.5;41.02
400.1417;Silent bloc de bras de suspension AR;R9/R11/R21/SUPER 5/R.EX VOIR400.1406);30.24
400.142;Silent bloc de bras de suspension INF;R18;30.91
400.1424;Silent bloc de bras de suspension INF;R.12 / R.18;43.70
400.1427;Silent bloc de bras de suspension AV;R.25/R.ESPACE;67.48
400.1429;Silent bloc de bras de suspension AV;R.12;34.73
400.143;Articulation bras de suspension;R.ESPACE/R18;27.73
400.1442;Palier barre stabilisatrice;R.TRAFIC (DIAM 25.5);26.96
400.1443;Palier barre stabilisatrice;R.TRAFIC (DIAM 27.5);23.79
400.1445;Palier barre stabilisatrice;R.EXPR.( DIAM 21);22.77
400.1449;Support échappement;R.19;8.75
400.1452;Silent bloc de bras de suspension;R.12;8.48
400.1453;Support échappement;R5/R12/R18/R21/R25/R.ESPACE;30.60
400.1457;Palier de direction;R5/R9/R11/R18/R19/R21/R25/R.ESPACE;23.53
400.1458;Support échappement;R9/R11/R21/R.ESPACE;9.84
400.146;Noix de Cardan de Direction;SUPER R.5/ R.9/R.11/R.25/R.EXPRESS;42.99
400.1464;Anneau sangle d'échappement;R.SUPER5/R.CLIO I/R.EXPRESS;21.25
400.1469;Noix de Cardan de Direction;R.4/R.6/R.12/R.15/R.18/R.20/R.30/ FUEGO;45.98
400.1472;Palier barre stabilisatrice;R.SUPER 5 / R.EXP;7.08
400.1473;Palier barre stabilisatrice;R.9;23.15
400.1475;Palier barre stabilisatrice;R.19/R.CLIO/R.MEGANE;20.49
400.1476;Palier barre stabilisatrice;R19/CLIO/MEGANE/EXPRESS/KANGOO;21.49
400.1477;Palier barre stabilisatrice;R21;22.14
400.1479;Palier barre stabilisatrice;R.21;21.41
400.148;Palier barre stabilisatrice;R.21(DIAM 23);22.12
400.1482;Palier barre stabilisatrice;R21;23.44
400.1483;Palier barre stabilisatrice;R4;8.73
400.1484;Silent bloc de bras de suspension;R.4/ R.5;31.58
400.1487;Silent bloc de bras de suspension AR;R.21;38.97
400.1489;Silent bloc de bras de suspension AR;RLT 25/ESPACE;154.91
400.149;Silent bloc de bras de suspension AR;R.25/R.ESPACE;286.83
400.1492;Silent bloc de bras de suspension AR;R/CLIO;56.00
400.1494;Palier barre stabilisatrice;R.EXPRESS;20.18
400.1495;Palier barre stabilisatrice;R.9/R.11/CLIO I;21.49
400.1496;Palier barre stabilisatrice;R9/R11;23.57
400.1499;Support échappement;RLT4 / 5 / 6;8.73
400.1502;Silent bloc de bras de suspension;R.25 / R.ESPACE;61.65
400.1503;Palier barre stabilisatrice;R.25/R.ESPACE (DIAM 22);34.73
400.1504;Palier barre stabilisatrice;R.25;68.46
400.1505;Palier barre stabilisatrice;ANP CDE=400.5152 R.KANGOO I/CLIO I-II;42.48
400.1506;Silent bloc de bras de suspension INF/AV;R.MASTER;125.08
400.1507;Silent bloc de bras de suspension INF/AR;R.MASTER;121.71
400.1508;Silent bloc de bras de suspension SUP;R.MASTER;41.71
400.151;Palier barre stabilisatrice;R.MASTER;23.39
400.1514;Palier barre stabilisatrice;R.TRAFIC (DIAM 25,5);7.08
400.1515;Palier barre stabilisatrice;R.9/R.11;40.06
400.1517;Palier barre stabilisatrice;R.MEGANE;25.85
400.1518;Palier barre stabilisatrice;R.MEGANE;27.32
400.1522;Palier barre stabilisatrice;R.MEGANE;22.92
400.1525;Silent bloc de bras de suspension;R.21;131.47
400.1526;Articulation de berceau;R.21;144.86
400.1528;Articulation bras de suspension;R/DACIA-LOGAN(1.4 /1.5 DCI/1.6/1.6 16V);51.31
400.153;Articulation bras de suspension;R.TWINGO;56.54
400.1532;Articulation bras de suspension;R.TWINGO;58.08
400.1535;Silent bloc de bras de suspension AV;R.LAGUNA/R.ESPACE.;122.00
400.1536;Silent bloc de bras de suspension AR;R. LAGUNA/ESPACE.;124.21
400.1539;Palier barre stabilisatrice;R/SUPER5/CLIO;24.80
400.154;Articulation bras de suspension;R.CLIO II + KANGOO;54.71
400.1552;Palier barre stabilisatrice;RLT MASTER II;59.35
400.1554;Palier barre stabilisatrice;R.MEGANE;23.15
400.1555;Palier barre stabilisatrice;RLT R4;5.06
400.1567;Articulation de berceau;R.ESPACE/R.LAGUNA;128.21
400.1578;Support échappement;RLT MEGANE II;170.15
400.1579;Support échappement;RLT MEGANE II (EX:400.1580);170.26
400.1582;Butée élastique silencieux;RLT (KANGOO/MASTER II/MEGANE I/SCENIC I);21.74
400.1584;Silent bloc de bras de suspension AV;R. MODUS;123.32
400.1592;Support échappement;RLT SCENIC (1.9DCI-2.0);257.02
400.16;coupelle de suspension;TAMPON D'AMORTISSEUR;157.23
400.1602;Support amortisseur AV;R.CLIO;94.37
400.1604;Support amortisseur AV;R.19 T.T/R.MGANE;335.97
400.1606;Support amortisseur AV / G;R.LAGUNA;350.27
400.1607;Support amortisseur AV / D;R.LAGUNA;320.52
400.1609;Butée talonnage de bras de suspension;R.MEGANE;62.15
400.1612;AVOIR;SUPPORT AMORTISSEUR;1518.54
400.1615;Support amortisseur AV;R.KANGOO;84.53
400.162;Support amortisseur AV;R/CLIO/TWINGO/KANGOO;78.63
400.1634;Support amortisseur AV / G;RLT CLIO III (09/05--->);216.55
400.1645;Support amortisseur AV;RLT MEGANE II;220.59
400.1705;Support moteur AV / G;R. MEGANE/LAGUNA;478.25
400.1712;Support moteur AV;R.LUGUNA;494.88
400.1713;Support moteur;R.19;203.36
400.1714;Biellette barre stabilisatrice;R.CLIO II/MEGANE;179.36
400.1716;Support moteur AV / D;R/KANGOO/CLIO II;330.52
400.1724;Biellette support AV;RLT AVANTIME/ESPACE III/LAGUNA I;315.46
400.1729;Support moteur AV / D;RLT MASTER;570.29
400.1735;Support moteur AV / D;R.KANGOO;495.97
400.1737;Support moteur AV / D;R.MEGANE;354.49
400.1738;Support moteur AV / D;RLT MASTER;380.51
400.1739;Support moteur AV / D;R.LAGUNA I;774.00
400.1749;Support moteur AV / G;R.LAGUNA;243.07
400.1757;Biellette barre stabilisatrice;R.CLIO II/MEGANE;360.21
400.1759;Biellette barre stabilisatrice;R.MEGANE;166.89
400.176;Biellette barre stabilisatrice;R.LAGUNA;253.29
400.1766;Biellette barre stabilisatrice;R.CLIO;175.18
400.1772;Support moteur AV / D;R.CLIO II (1.5DCI/1.9DTI);402.52
400.1776;Biellette barre stabilisatrice;CLIO/MEGANE/SCENIC;942.13
400.1778;Biellette support AV;R.LAGUNA II (1.6/1.8/1.9DCI/2.0);249.26
400.1779;Biellette support AV;R.LAGUNA II;284.89
400.1782;Biellette support AV;R.ESPACE/LAGUNA II (1.6-1.8-2.0);344.88
400.1784;Biellette support AV;R.MEGANE SCENIC;175.12
400.1788;Support moteur;R.MEGANE/R.SCENIC;551.61
400.1789;Support moteur AV / D;RLT MEGANE II/SCENIC II;589.47
400.1792;Support moteur;R.MEGANE;191.11
400.1793;Biellette support AR;R.CLIO II (1.5DCI/1.9DTI);205.30
400.1796;Biellette support AV;R.MASTER;1142.91
400.1808;Biellette support AR;R.CLIO II (2.0l);480.89
400.1813;Biellette support AV;RLT ESPACE III (2.2DCI);314.51
400.1814;Support moteur;=(400.1780)R.MEGANE/LAGUNA/CLIO III/SCENIC II-DACIA LOGAN/SANDERO;189.86
400.1817;Support moteur;R.ESPACE 1.9 DCI JKOG/0U/R.LAGUNA II;723.93
400.1823;Support moteur;R.MEGANE CLASSIC/SCENIC;159.14
400.1826;Support boite à vitesses / G;R./DACIA-LOGAN( 1.4 MPI/1.6 MPI);142.65
400.1829;Support moteur;RLT CLIO III/MODUS 1.5 DCI;740.87
400.1832;Support moteur;R.LAGUNA;609.85
400.2008;Butée d'embrayage;R9/R11/R19/R21;136.44
400.245;Biellette de changement de vitesse;R5/R19/R21/ESPACE/LAGUNA/MEGANE/KANGOO;127.03
400.3214;Bras de suspension direction assistée D;DACIA LOGAN;262.19
400.3367;Triangle de suspension direction assistée G;R.KANGOO;382.43
400.3385;Articulation essieu AR;R.21/R.LAGUNA I/I/R.MEGANE II;93.88
400.3426;Nécessaire soufflet de cardan;R18/R20/R.TRAFIC;122.39
400.3449;Nécessaire soufflet de cardan;R.25/LAGUNA/SAFRANE;95.34
400.3454;Nécessaire soufflet de cardan;R.MEGANE;88.36
400.4002;Axe de volant;R.21 (DIRECTION ASSISTEE JUSQU'AU 09/90);1279.99
400.412;Ecrou de roue;R19/R21/R25;28.33
400.512;Biellette barre stabilisatrice;R.12/R.18;70.45
400.5123;Biellette barre stabilisatrice;R.25;136.58
400.5126;Biellette barre stabilisatrice;R.ESPACE;133.41
400.5132;Biellette barre stabilisatrice;R.LAGUNA/SAFRANE;161.26
400.5134;Palier barre stabilisatrice;R.KANGOO;25.27
400.5138;Biellette barre stabilisatrice;RLT SAFRANE;482.74
400.5139;Biellette barre stabilisatrice;OPEL MOVANO-RENAULT MASTER II;130.34
400.5141;Biellette barre stabilisatrice;R.LAGUNA II (1.6/1.8/1.9DCI/2.0/2.2DCI);137.31
400.5146;Biellette barre stabilisatrice;MEGANE/SCENIC II;88.43
400.5147;Biellette barre stabilisatrice;RLT CLIO/III/MODUS-NISSAN MICRA III;127.92
400.5148;Biellette barre stabilisatrice;R.CLIO/R.SCENIC II/R.KANGOO;152.85
400.515;Palier barre stabilisatrice;RLT CLIO III-MEGANE II;42.23
400.5151;Palier barre stabilisatrice;RLT MEGANE;26.25
400.5152;Palier barre stabilisatrice;DACIA LOGAN/SANDERO;42.23
400.5153;Palier barre stabilisatrice;R/DACIA-LOGAN (1.4 MPI/1.5 DCI/1.6 MPI);9.73
400.5254;Rotule de suspension direction mécanique;R12/R18;124.13
400.5257;Rotule de suspension direction mécanique;R.9/11/19/21/SUPER 5;87.18
400.5259;Rotule de suspension direction mécanique;RENAULT 18;182.69
400.5267;Rotule de suspension direction assistée;R.LAGUNA / SAFRANE;127.49
400.527;Rotule de suspension direction assistée;R.TRAFIC;183.25
400.5277;Rotule de suspension direction assistée;R. KANGOO;121.91
400.5279;Rotule de suspension direction assistée;R. MASTER II;125.09
400.528;Rotule de suspension direction assistée;R/DACIA-LOGAN (1.4 MPI/1.5 DCI/1.6 MPI/1.6 16V;51.47
400.5371;Soufflet amortisseur AV;R.SUPER 5 / EXPRESS;278.25
400.5372;Soufflet amortisseur AV;R19/R.MEGANE III;84.64
400.5502;Articulation bras de suspension;RENAULT(KANGOO/SCÉNIC I);95.75
400.5521;Support moteur;RNLT (MEGANE II/SCENIC II);242.26
400.5529;Articulation essieu AR;R.LAGUNA II;188.23
400.5537;Support triangle suspension;R/DACIA-LOGAN(1.4 MPI/1.5 DCI/1.6 MPI);77.94
400.6;Direction à crémaillère;R4 A.M.;1256.57
400.6007;Direction à crémaillère;R12;906.37
400.6015;Direction à crémaillère;R19;1263.45
400.6021;Soufflet direction assistée;SUPER5/R18/R19/R21/R25/ESP/EXP/TRAFIG;36.98
400.6024;Direction à crémaillère;R.TRAFIC;1700.20
400.6075;Soufflet direction à crémaillère;R4/R5/R6;33.15
400.6103;Rotule de direction assistée filetage int / G;RLT TWINGO;160.21
400.6104;Rotule de direction assistée filetage int / D;RLT TWINGO;160.21
400.6109;Rotule de direction assistée filetage int / D;RLT CLIO I/MEGANE/MEGANE SCENIC;123.72
400.6111;Rotule de direction mécanique filetage ext / D&G;R4/R5/R6/R18/R20;97.56
400.6112;Rotule de direction mécanique filetage ext / D&G;RLT 9/18/19/SUPER 5;126.06
400.612;Soufflet direction à crémaillère;R18/TPAFIC;41.04
400.6128;Rotule de direction assistée filetage ext / G;R/LAGUNA;152.36
400.6129;Rotule de direction assistée filetage ext / D;R/LAGUNA;152.36
400.613;Rotule de direction assistée filetage ext / G;R.SAFRANE;312.61
400.6131;Rotule de direction assistée filetage ext / D;R.SAFRANE;305.27
400.6132;Rotule de direction assistée filetage int / D&G;R. MASTER;179.54
400.6133;Rotule de suspension direction mécanique;RLT TRAFIC (AN.88-99);138.46
400.6134;Rotule de direction assistée filetage int / G;R.KANGOO/CLIO;87.18
400.6135;Rotule de direction assistée filetage int / D;R.KANGOO/CLIO;87.18
400.6144;Rotule de direction assistée filetage int / G;RLT CLIO II;192.07
400.6145;Rotule de direction assistée filetage int / D;RLT CLIO II;163.74
400.6148;Biellette direction;R.LAGUNA II;141.93
400.6153;Rotule de direction assistée filetage int / G;R.MASTER II;168.85
400.6157;Rotule de direction assistée filetage int / D;(=767.4019) DACIA LOGAN;138.16
400.6158;Rotule de direction assistée filetage int / G;(=767.4018) DACIA LOGAN;138.16
400.6159;Rotule de direction assistée filetage int / D;R.CLIQ II/SCENIC II/MEGANE II;143.99
400.6161;Rotule de direction assistée filetage int / G;R.CLIQ II/SCENIC II/MEGANE II;143.99
400.6214;Soufflet direction assistée;R.CLIQ II/R.MEGANE;47.59
400.6215;Soufflet direction assistée;R.KANGOO/R.CLIQ/R.MEGANE;43.46
400.6224;Soufflet direction assistée;DACIA LOGAN/SANDERO-RLT MASTER/ESPACE-OPEL MOVANO;39.46
405.5165;Ecrou de roue;P.504;5.04
405.5335;Ecrou de roue;P505;43.39
405.5405;Ecrou de roue;P403/P404/P504;21.90
415.2252;AVOIR;PALIER DE LEVIER VITESSE;30.32
436.2322;Articulation bras de suspension;P404/504.;22.14
439.1191;colonne de filtre à air;P.405;36.92
444.2412;Biellette de changement de vitesse;P204/P204D;130.12
444.2822;Biellette de changement de vitesse;P309;76.71
445.2092;Articulation biellette changement vitesse;P404D;39.75
452.2172;Biellette de changement de vitesse;P404/P504D;78.62
452.2202;Biellette de changement de vitesse;P504.P504D;68.26
452.2252;Biellette de changement de vitesse;P504;70.72
452.2462;Biellette de changement de vitesse;P.205/309;96.45
452.2542;Biellette de changement de vitesse;P.605;129.65
452.2752;Biellette de changement de vitesse;P.306 P.PARTNER/XSARA/ZX/BERLINGO;123.34
452.2762;Biellette de changement de vitesse;P.406;177.51
452.2812;Biellette de changement de vitesse;P.206/C.BERLINGO/XSARA;154.08
452.2832;Biellette de changement de vitesse;CIT.SAXO;150.07
452.2852;Biellette de changement de vitesse;P.406;196.22
452.2912;Biellette de changement de vitesse;P.206/306;193.89
454.2662;Biellette de changement de vitesse;P205;73.70
454.2852;Biellette de changement de vitesse;P405;131.73
454.2902;Biellette de changement de vitesse;P205/P309;70.02
454.2912;Biellette de changement de vitesse;P205/P309;166.26
454.2922;Biellette de changement de vitesse;P.205/309;80.11
454.2962;Biellette de changement de vitesse;P.605;124.78
454.2A32;Biellette de changement de vitesse;P.405;77.70
454.2C82;Biellette de changement de vitesse;P.306/P.PARTNER;124.44
454.2E52;Biellette de changement de vitesse;P.406;168.30
454.2F92;Biellette de changement de vitesse;P.306/P.PARTNER/C BERLINGO/XSARA;156.22
454.2F02;Biellette de changement de vitesse;P.206;174.16
454.2G52;Biellette de changement de vitesse;P.206 /P.306;91.69
498.2042;Nécessaire de commande vitesse;P404D;285.42
514.3093;Butée talonnage de bras de suspension;P404;25.18
514.3123;Butée talonnage de bras de suspension;P404/P.504;39.13
521.3343;Bras de suspension direction mécanique D;P.205;433.76
521.3C83;Bras de suspension direction assistée D;P.206;525.59
521.3N03;triangle de suspension de roue;CIT (C3 III/C3/PICASSO)-PGT (207/208);751.00
523.3093;Silent bloc de bras de suspension;P404/P.504;32.48
523.3103;Articulation bras de suspension;P404/504/505;6.47
523.3123;Silent bloc de bras de suspension INT;P504;29.49
523.3163;Silent bloc de bras de suspension INT;P504/P505D/P604;34.86
523.3173;Silent bloc de bras de suspension INT;P304/P305;42.50
523.3203;Silent bloc de bras de suspension INT;P205D/VISA C15;48.32
523.3233;Silent bloc de bras de suspension INT;P205/P309/P305/VISA;41.36
523.3243;Silent bloc de bras de suspension AV;P305 NM;53.55
523.3273 UN;Silent bloc de bras de suspension AV;P205/C15/VISA;45.85
523.3313;Silent bloc de bras de suspension AV;P205/P309/305;39.22
523.3333;Articulation de berceau;P.205;137.83
523.3403;Silent bloc de bras de suspension AV;P405;36.74
523.3423;Support triangle suspension;P305/P405 T.T;73.95
523.3503;Articulation bras de suspension;P.106/SAXO;42.25
523.3513;Articulation bras de suspension;P.106/SAXO;121.85
523.3573;Silent bloc de bras de suspension AV;C.XM/P.605;84.00
523.3583;Silent bloc de bras de suspension AV;P.309;31.23
523.3603;Articulation bras de suspension;P.406 T1;57.97
523.3623;Support triangle suspension;ZX/P.306/BERLINGO/PARTNER;64.22
523.3833;Articulation bras de suspension;CIT/XSARA;130.17
523.3843;Articulation bras de suspension;CITROËN C5 (1.8/2.0 HDI/2.2 HDI);77.38
523.3913;Silent bloc de bras de suspension;PGT 307 D;73.97
523.3923;Articulation bras de suspension;P.307 (REMPPLACE 523 3773);65.71
523.3933;Silent bloc de bras de suspension;CIT JUMPER/P.BOXER II;36.49
523.3983;Silent bloc de bras de suspension;CIT C2/C3-PGT 1007;84.77
523.3AA3;Silent bloc de bras de suspension;CIT.C3;78.73
534.0120;Couronne de démarreur;P404/XDP88/P504D;448.78
534.0230;Couronne de démarreur;P.205/309/405;331.23
535.4001;Butée d'embrayage;RLT CLIO/MEGANE/LAGUNA/KANGOO/DACIA LOGAN;216.10
540.0002;Fourchette embrayage;PGT 301/CIT C-ELYSEE (1.6HDI);157.65
545.0008;Biellette de changement de vitesse;CIT (BERLINGO (2000-->) C2 C3)- PGT(206/2008/307/308/3008/407/208);73.64
561.3043;Silent bloc de bras de suspension AV;P404;33.24
561.3053;Silent bloc de bras de suspension;PJ7/J9;36.90
561.3063;Silent bloc de bras de suspension AV;P504;35.47
561.3083;Palier barre stabilisatrice;J5/C.25/DUCATO;20.58
561.3093;Silent bloc de bras de suspension AV;P505 TT/P504 NM;37.14
595.0005;GUIDE BUTEE EMBRAYAGE;CITROEN(BERLINGO/BX/C15/C3/C4/C5/C8/XS ARA/JAMPY);195.62
607.0160;Boulon de bielle;P204/304/305/504/505;35.49
608.2102;Couvercle arbre transmission;P404/P504D;686.16
609.2032;Joint de couvercle transmission;P404/504/505;5.74
619.2162;Cardan;P404D;537.38
619.2172;Cardan;P504D/P505D;592.45
622.3153;Rotule de suspension direction mécanique;PJ7/J9;472.16
640.3153;Rotule de suspension direction mécanique;P504 NM/P505;151.40
640.3213;Rotule de suspension direction mécanique;P305/P405;86.02
640.3513;Rotule de suspension direction assistée;CIT/XSARA/BERLINGO/P.PARTNER D.;121.91
640.3533;Rotule de suspension direction assistée;PGT 307;122.43
640.3563;Rotule de suspension direction assistée;(=640.3623) CIT C3;149.39
640.3573;Rotule de suspension direction assistée;P.407;251.64
640.3723;Rotule de suspension direction assistée;PGT 407;479.81
700.6091;Direction hydraulique;P.306;5253.78
700.6117;Direction hydraulique;R.CLIQ;5022.37
700.6118;Direction hydraulique;R.CLIQ;4959.47
707.0002;Pompe hydraulique de direction;CIT (EVASION/JUMPY)-FIAT (SCUDO/ULYSSE)-PGT (806/EXPERT);1891.23
707.0058;Pompe hydraulique de direction;CIT BERLINGO-PGT PARTNER;1607.14
707.4013;Pompe hydraulique de direction;DACIA (LOGAN I/SANDERO I);6097.08
707.6022;Pompe hydraulique de direction;FIAT PUNTO;1679.72
714.3203;Ecrou de roue;P504/P505;20.86
736.3083;Rondelle de moyeu;P204/P403/P404/P504;9.62
736.3153;Rondelle de moyeu;P504;6.10
736.3183;Rondelle de moyeu;P504;4.45
747.0004;Triangle de suspension direction assistée D;PGT 308/3008/5008;708.30
747.4003;Triangle de suspension direction assistée G;RLT KANGOO EVOLUTION;486.16
747.4012;Triangle de suspension direction assistée D;DACIA DUSTER I;489.88
747.4013;Triangle de suspension direction assistée G;DACIA DUSTER I;489.88
747.4018;Triangle de suspension direction assistée G;DACIA SANDERO I;313.71
747.4033;triangle de suspension de roue;DACIA SANDERO II/LOGAN;338.08
747.4035;triangle de suspension de roue;DACIA SANDERO II/LOGAN II;343.35
747.4038;Bras de suspension direction assistée G;RNLT KOLEOS-NISSAN QASHQAI X-TRAIL;687.04
747.409;Triangle de suspension direction assistée G;DACIA SANDERO III 1.0 - LOGAN III 1.0;370.71
747.4091;Triangle de suspension direction assistée D;DACIA SANDERO III 1.0 - LOGAN III 1.0;371.12
747.6272;Bras de suspension direction assistée D;VW (GOLF VII/ PASSAT VIII)-AUDI A3 (2012-->) -SEAT(LEON/SKODA/OCTAVIA);247.51
747.6273;Bras de suspension AR direction assistée D/G;VW (GOLF VII/ PASSAT VIII)-AUDI(A1 2014-->)A3 2012-->) - SEAT(LEON/SKODA/OCTAVIA);41.10
755.1341;Support échappement;P.205/206/309;7.07
755.1691;Butée élastique silencieux;CIT (C8/EVASION/JUMPY)-PGT (206/206+/406/806/807/EXPERT);32.74
755.1J51;Support échappement;CITROËN C3;65.48
755.1J61;Support échappement;CITROËN C3;64.80
755.1J81;Support échappement;PGT 301-C-ELYSEE (1.6HDI);53.38
757.0007;Rotule de suspension direction assistée;CIT.DS3-PGT 208;172.02
757.0008;Rotule de suspension direction assistée;CIT. C-ELYSEE/C3/C4-PGT 2008/208/301;135.04
757.0009;Rotule de suspension direction assistée;(AVANT INFERIEUR) PEUGEOT 308 II;217.09
757.4003;Rotule de suspension direction assistée;DACIA LOGAN/SANDERO (1.5DCI/1.4I MPI/1.6I MPI);85.60
757.4006;Rotule de suspension direction assistée;OPEL MOVANO I / RNL T MASTER II;162.02
757.4007;Rotule de suspension direction assistée;OPEL MOVANO I-RLT MASTER II;134.26
757.4008;Rotule de suspension direction assistée;RLT KANGOO II;145.46
757.4009;Rotule de suspension direction assistée;RLT KANGOO II;145.46
757.4011;Rotule de suspension direction assistée;DACIA DUSTER (1.5DCI);143.41
757.4013;Rotule de suspension direction assistée;DACIA LOGAN II/SNADERO II/DOKKER/LODGY;95.17
757.4017;Rotule de suspension direction assistée;RNL T (MEGANE IV / SCENIC IV / GRAND SCENIC IV);217.76
757.6001;Rotule de suspension direction mécanique;FIAT PANDA/UNO;190.66
757.6007;Rotule de suspension direction assistée;(G) AUDI A3/Q2/Q3- VW TIGUAN / TOURAN;168.70
757.6041;Rotule de suspension direction assistée;FORD C-MAX/FOCUS-VOLVO C30/C70/S40/V40/V50;196.64
757.6053;Rotule de suspension direction assistée;MERCEDES SPRINTER / VW CRAFTER;251.56
757.6055;Rotule de suspension direction assistée;HYUNDAI i30;248.12
757.6059;Rotule de suspension direction assistée;FIAT 500X;200.78
757.6067;Rotule de suspension direction assistée;FORD TRANSIT (V347/348/363);283.71
767.0002;Rotule de direction assistée filetage int / D;CITROËN BOXER;276.03
767.0003;Rotule de direction assistée filetage int / D;CIT (DS/C3 I&II/DS3);204.35
767.0008;Rotule de direction assistée filetage int / G;CIT NEMO-FIAT FIORINO-PGT BIPPER;151.60
767.0009;Rotule de direction assistée filetage int / D;CIT NEMO-FIAT FIORINO-PGT BIPPER;151.60
767.0014;Rotule de direction assistée filetage int / D;CIT C5-PGT 508;237.72
767.0015;Rotule de direction assistée filetage int / G;CIT C5-PGT 508;237.72
767.0016;Rotule de direction assistée filetage int / D;CIT BERLINGO/C4/DS4-PGT 308-PGT PARTNER TEPEE;126.67
767.0017;Rotule de direction assistée filetage int / G;CIT BERLINGO/C4/DS4-PGT 308-PGT PARTNER TEPEE;126.67
767.0021;Rotule de direction assistée filetage int / D;CIT(C4/C5/BERLINGO)-PGT(PARTNER/308 II/3008 II/508 II/5008 II);260.61
767.0026;Rotule de direction assistée filetage int / D;CIT C4-PGT 208/2008;202.53
767.4001;Rotule de direction assistée filetage int / D;RNLT (AVANTIME/ESPACE JE);292.97
767.4002;Rotule de direction assistée filetage int / G;RNLT (AVANTIME/ESPACE JE);213.13
767.4006;Rotule de direction assistée filetage int / G;RLT MEGANE III/SCENIC III/FLUENCE (AN.08-10);175.64
767.4007;Rotule de direction assistée filetage int / D;RLT MEGANE III/SCENIC III/FLUENCE (AN.08-10);175.64
767.4008;Rotule de direction assistée filetage int / G;RLT KANGOO II;175.88
767.4009;Rotule de direction assistée filetage int / D;RLT KANGOO II;175.88
767.4011;Rotule de direction assistée filetage int / D;RNLT LAGUNA III;261.95
767.4016;Rotule de direction assistée filetage int / D;DACIA DUSTER 2010>;180.99
767.4017;Rotule de direction assistée filetage int / G;DACIA DUSTER 2010>;180.99
767.4019;Rotule de direction assistée filetage int / D;REM PAR(400.6157) DACIA DOKKER;154.61
767.4025;Rotule de direction assistée filetage int / G;RLT KADJAR-NISSAN QASHQAI;192.20
767.4036;Rotule de direction assistée filetage int / G;DACIA SANDERO III 1.0 - LOGAN III 1.0;185.97
767.4037;Rotule de direction AV/D;DACIA SANDERO III 1.0 - LOGAN III 1.0;221.42
767.601;Rotule de direction assistée filetage int / D&G;MERCEDES SPRINTER / VW CRAFTER;150.53
767.6013;Rotule de direction assistée filetage int / D;FIAT (PUNTO/PUNTO EVO/GRANDE PUNTO)- OPEL (CORSA D&E)-ALFA MITO;181.32
767.6109;Biellette barre stabilisatrice;HYUNDAI I20/IX20-KIA SOUL/VENGA;202.95
767.6114;Rotule de direction assistée filetage int / D;NISSAN QASHQAI/X-TRAIL;222.28
767.6115;Rotule de direction assistée filetage int / G;NISSAN QASHQAI/X-TRAIL;213.94
777.0001;Rotule axiale de direction assistée;CIT C3;179.25
777.0006;Rotule axiale de direction assistée;CIT C5-PGT 508;161.86
777.0015;Rotule axiale de direction assistée;PGT 301-CIT.C-ELYSEE (1.6HDI);162.32
777.0019;Rotule axiale de direction assistée;CIT C4-PGT 208/2008;174.05
777.0021;Rotule axiale de direction assistée;PGT 4007;272.84
777.0022;Rotule axiale de direction assistée;PGT 308;174.97
777.4018;Rotule axiale de direction assistée;DACIA DOKKER/LOGAN/SANDERO;136.35
777.4021;Rotule de Direction;RENAULT (CAPTUR/CLIO IV);155.30
777.4031;Rotule axiale de direction assistée;DACIA SANDERO III 1.0 - LOGAN III 1.0;183.38
777.6122;Rotule axiale de direction assistée;VW FOX/POLO-SKODA FABIA;174.85
796.4006;Nécessaire de réparation de;RNLT (CLIO III/MODUS);325.81
800.32;Silent bloc de bras de suspension AV;FIAT UNO/PJ5 TT/C25/DUCATO;35.58
800.3201;Articulation de support moteur;P.205/306/309TT/AX/BX/SAXO/XM/XSARA/ZX /BERL/C15/PARTNE;72.21
800.3202;Silent bloc de bras de suspension AV;C.JUMPER;66.92
800.3204;Silent bloc de bras de suspension AV;C.JUMPER;175.88
800.3205;Support moteur;P.406;67.67
800.3207;Articulation bras de suspension;C.XANTIA/P.406;63.28
800.3209;Articulation bras de suspension;PGT/CIT/C25/F.DUCATO/J5;52.56
800.52;Butée de suspension;UNO T.T.;94.62
806.1591;Support moteur AR;CIT.C3/PGT 207 HDI;176.13
806.1741;Biellette support AV;(=806.1281)CIT.C5/C8/JUMPY- PGT.406/407/607/806/807;292.06
806.2082;Cage roulement d'arbre;P404/P505;309.04
807.1251;Support moteur AV;P404/504 ESS;56.72
807.1281;Support moteur;P504D;76.45
807.1431;Support moteur AV;P.505 D;327.50
809.1161;Articulation de support moteur;C.C5/EVA/VISA/XANTIA/XSARA/PARTNER/B ERLINGO/C15/P.EXPE;58.97
809.1331;Articulation de support moteur;PGT.406;75.51
812.3153QY;Rotule axiale de direction assistée R;C.PICASSO/BERLINGO/XSARA/ZX/P.PARTNER;165.68
812.3323BI;Biellette direction;P.205/C15;264.38
812.3383;Biellette direction;P.205;208.18
812.3983;Rotule axiale de direction assistée;PGT 405;201.59
812.3E53;Rotule axiale de direction assistée;PGT 307;173.72
812.3E73;Rotule axiale de direction assistée;PGT 407;224.80
812.3E83;Rotule axiale de direction assistée;PGT 207;142.97
813.1921;Support boite à vitesses;PGT 207;395.87
814.3113;Biellette direction;P404;364.80
817.3093;Rotule de direction mécanique filetage ext / D&G;P504D/P604;222.59
817.3113;Rotule de direction assistée filetage int / D&G;CIT C25/FIAT DUCATO/PGT J5;120.14
817.3183;Rotule de direction mécanique filetage ext / D&G;P104/P205/P304/P305/P504/P604;88.68
817.3263;Rotule de direction mécanique filetage ext / D;P.405;184.97
817.3273;Rotule de direction mécanique filetage ext / D;P.405;162.83
817.3303;Rotule de direction assistée filetage ext / G;CITROËN XANTIA;87.70
817.3313;Rotule de direction assistée filetage ext / D;CITROËN XANTIA;87.63
817.3393;Rotule de direction assistée filetage ext / D;P.406;137.40
817.3403;Rotule de direction assistée filetage ext / G;P.406;169.41
817.3563;Rotule de direction assistée filetage ext / D;CIT C2/C3-PGT 1007;159.70
817.3573;Rotule de direction assistée filetage ext / D;PGT 407;226.17
817.3585;Rotule de direction assistée filetage ext / G;PGT 407;300.63
817.3673;Rotule de direction assistée filetage int / G;PGT 207;140.75
817.3683;Rotule de direction assistée filetage int / D;PGT 207;138.79
827.1101;Support boite à vitesses;P.605/P.405/406/604/806/P.EXPERT/CIT EVASION/XANTIA/XM;157.78
827.1161;Support boite à vitesses;CIT/GZANIA/P.405/P.406/P.605/P.806;372.25
827.1181;Support moteur AV / G;FIAT DUCATO;243.30
827.1191;Support moteur AV / D;FIAT DUCATO;262.79
827.1221;Support moteur;C.XANTIA/P.605;362.17
827.1231;Support moteur AV / D;P.306;210.85
827.1261;Support moteur;C.EVASION/XANTIA/P.605/P.806;332.67
827.1331;Support moteur;CIT (EVASION/JUMPY)-PGT (806/EXPERT);351.89
829.0120;Roulement galet-tendeur;CIT.BX/P.205/P.305/P.309/P.405;276.15
829.0330;Roulement galet-tendeur;BERLINGO/EVASION/XANTIA/XSARA/ZX/C15/JUMPER/P.306/405/;342.66
829.0540;Roulement galet-tendeur;CIT.AX/BERLINGO/BX/PICASSO/SAXO/XSARA/ZX/C15/P.106/205;203.28
829.0560;Roulement galet-tendeur;CIT.BX/VISA/XANTIA/ZX/C15/C25/P.205/206/305/309/405/J5;342.66
830.0130;Roulement galet-tendeur;C.BERLINGO/EVASION/XANTIA/XSARA/ZX/C15/JUMPER/P.205/30;342.66
839.1A01;Support moteur;PGT BOXER I (2.0HDI);887.72
839.1A61;Support moteur AV / D;CIT.JUMPER-FIAT DUCATO-PGT.BOXER;672.33
843.1391;Support cardan;PGT 404 PICK-UP DIESEL;455.49
843.1681;Support moteur AR;P504 PU.P505.P505D;440.17
843.1731;Support moteur AV / D;CIT.BX/VISA/XSARA/ZX/C15/Berlingo/P.106/205/305/306/30;148.94
843.1931;Support moteur;P.J5;307.97
843.1951;Support boite à vitesses;P.205/309/405;60.71
843.1991;Support moteur;C.AX/P.106;127.81
844.1151;Butée talonnage de support moteur;P.205;54.18
844.1161;Butée talonnage de bras de suspension;P.405/AX;65.40
844.1171;Butée talonnage de support moteur;C.VISA/P.205/309/405;32.72
844.1251;Support moteur AV / D;P.306/405/PARTNER/C.BERLINGO;71.49
844.1421QC;Support moteur AV / D;CIT AX/BX/VISA/XSARA;123.92
844.1461;Support moteur AV / D;DUCATO;280.20
844.1511;Support boite à vitesses;CITROËN AX/XSARA/SAXO/P.106/306/307/206/P.PARTNER;83.70
844.1681;Support boite à vitesses;(=844.1361) P.206/306/307/C/XSARA;140.42
844.1771;Support moteur AV / D;(=844.1471) P.206D/406D;149.03
844.1791;Support moteur;CIT JUMPY-PGT EXPERT;332.15
844.1911;Support moteur AV / D;CITROËN C5 2.2 HDI;265.54
844.1931;Support moteur AV / D;(=844.1921) CIT.C5 2.0 HDI/C8 2.0 HDI;246.87
844.1A61;Butée talonnage de support moteur;PGT 206;126.46
844.1A71;Support moteur;PGT.PARTNER;122.67
846.1161;Support boite à vitesses;P.J7/P.J9;132.76
874.1051;Batteur support moteur;P404/504D;84.68
899.3183;Nécessaire réparation de rotule de pivot;P504/P505D (A NE PLUS CMD);66.36
900.0084;Thermostat;BMW315/316/318/320/518/520,FIAT;403.68
900.0132;Thermostat;GOLF BORA.TDI IV;269.88
900.0147;Thermostat;F.REGATA / RITMO D;345.47
900.0237;Thermostat;78° ROVER 400/600;96.43
900.0256;Thermostat;MERC/220/MERC/240;245.90
900.0314;Thermostat;R11/18/19/21/CLIO/4/STL/SUPER5/12/9;95.13
900.0319;Thermostat;R5/R9/R12;88.81
900.0334;Thermostat;AUDI;132.61
900.0335;Thermostat;AUDI;171.39
900.0389;Thermostat;DAEWOO ESPERO;129.28
900.0393;Thermostat;84° SEAT/CORDOBA/IBIZA;160.88
900.0394;Thermostat;87° SEAT/CORDOBA D/IBIZA D/TOLEDO D;140.75
900.1312;Support boite à vitesses;FIAT UNO;143.05
900.1313;Support boite à vitesses;FIAT UNO;147.44
900.1322;Support moteur;.;210.93
900.1325;Support moteur;FIAT TIPO/TEMPRA/BRAVO/POLO/POLO B/CADDY;595.64
900.1329;Support moteur;FIAT PUNTO-LANCIA EPSILON;282.96
900.1332;Support moteur AV;AUDI 80;83.32
900.1355;Support moteur;VW GOLF II/JETTA II-SEAT TOLEDO I;191.22
900.1357;Support moteur;VW.GOLF III/POLO/POLO B/CADDY;251.64
900.1367;Support moteur AV;VW GOLF II/JETTA I/II-SEAT TOLEDO PASSAT;328.73
900.1368;Support moteur;VW PASSAT (3A2, 351);286.28
900.1369;Support moteur AV;VW/GOLF III VENTO;243.64
900.137;Support moteur AV;VW.GOLF III/PASSAT/POLO B/CADDY;490.91
900.1373;Support boite à vitesses;VW CORRADO/GOLF III/PASSAT;135.27
900.1377;Support boite à vitesses;VW CORRADO/GOLF JETTA/PASSAT CADDY;223.51
900.1378;Support moteur;OPEL (CORS A&B/TIGRA/COMBO);142.74
900.1386;Support moteur;AUDI A3/FIAT TOLEDO/SKODA/VW BORA/GOLF IV/NEW BEETLE;1341.92
900.14;Support moteur AV;BMW E30;141.36
900.1413;Support boite à vitesses;BMW 3.16I/3.18I/3.20I;57.42
900.1454;Support amortisseur AV;FORD (FIESTA IV&V/KA);125.38
900.1459;Support moteur;GOLF/JETTA/PASSAT;1080.30
900.146;Support boite à vitesses;VW (BORA/GOLF IV/NEW BEETLE) AUDI A3 SEAT (LEON/TOLEDO)-SKODA OCTAVIA;376.16
900.1462;Support moteur;VW GOLF I;32.72
900.1464;Support moteur;VW GOLF I;91.05
900.1465;Support moteur;VW GOLF III/CADDY;639.12
900.148;Support traverse AR / G;FIAT PUNTO;274.83
900.1513;Articulation bras de suspension;OPEL (ASTRA F/CALIBRA/VECTRA A);35.73
900.152;Articulation bras de suspension;VW GOLF II/III/JETTA VENTO/SEAT CORDOBA/IBIZA/PASSAT;52.97
900.1522;Palier barre stabilisatrice;GOLF JETTA II/GOLF II-III-VENTO/CORRADO/CADDY/POLO/POLO BREA;21.16
900.1523;Silent bloc de bras de suspension AV;GOLF III/VENTO/POLO/CADDY/BORA-AUDI A3/SEAT/SKODA;32.48
900.1524;Articulation bras de suspension;VOLKSWAGEN POLO T.TYPES;60.51
900.1525;Articulation bras de suspension;VOLKSWAGEN POLO T.TYPES;36.42
900.1542;Articulation bras de suspension;GOLF IV/AUDI TT/SKODA TT;44.73
900.1543;Articulation bras de suspension;(=900.1758) AUDI A4/A8/WV/PASSAT;45.67
900.158;Palier barre stabilisatrice;IVECO;35.02
900.1613;Palier arbre de cardan;MERC/W201 T TYPES;96.82
900.1624;Support boite à vitesses;MERCEDES 190D/250D;143.92
900.1632;Support moteur;MERCEDES 190D (W201)/250D (W124);346.21
900.1636;Support amortisseur AV;MERCEDES 190 (W201);197.87
900.164;Articulation bras de suspension;OPEL (ASTRA G/ZAFIRA);66.70
900.1665;Support boite à vitesses;OPEL (ASTRA G/ZAFIRA);291.47
900.1687;Support amortisseur AV;OPEL (CORSA B/TIGRA);86.16
900.1692;Articulation bras de suspension;SEAT AROSA-VW (LUPO/POLO);42.21
900.1694;Articulation de berceau;VW GOLF PASSAT (AR);42.32
900.17;Suspension Support Essieu;SEAT(LEON/TOLEDO II)-VW(BORA/GOLF IV);49.11
900.1702;Suspension Support Essieu;VW (PASSAT III/IV);76.89
900.1705;Articulation essieu AR;WV.GOLF III/IV/VENTO/CORRADO-SEAT TOLEDO;95.84
900.1706;Support train AR;WV.GOLF III/GOLF CORRADO /JETTA/ VENTO;37.14
900.1708;Support amortisseur AV;GOLF III VENTO/PASSAT/CORRADO;157.89
900.171;Support amortisseur AV;AUDI (A4 I/A6 II)-VW PASSAT V;63.43
900.1713;Palier barre stabilisatrice;FIAT DOBLO;52.39
900.172;Silent bloc de bras de suspension;FIAT PUNTO/UNO;35.33
900.1722;Articulation bras de suspension;FIAT BRAVO/TIPO/MAREA/TEMPSA;59.51
900.1724;Silent bloc de bras de suspension;FIAT LANCIA;275.87
900.173;Palier barre stabilisatrice;AUDI 3-SEAT LEON-VW BORA/GOLF IV (D.21);6.74
900.1734;Palier barre stabilisatrice;F.UNO T.T;22.15
900.1735;Palier barre stabilisatrice;F.UNO (DIAM.17);38.88
900.1738;Articulation bras de suspension;FIAT UNO;42.52
900.1747;Articulation essieu AR;FORD (FIESTA IV/KA);157.27
900.1753;Support amortisseur AV;FIAT UNO;78.95
900.1759;Silent bloc de bras de suspension;AUDI A3-VW CADDY/GOLF IV/V/VI;61.72
900.1785;Palier barre stabilisatrice;FIAT DOBLO;49.51
900.1914;Support boite à vitesses;FIAT PUNTO;389.22
900.1925;Support moteur;FIAT PUNTO (188/VAN)-LANCIA YPSILON;509.88
900.1937;Support moteur AV / D;AUDI A3-SEAT LEON-VW GOLF V/PLUS/JETTA III/TOURAN;979.57
900.1942;Support boite à vitesses;AUDI A3-SEAT (ALTEA/LEON/TOLEDO)-SKODA (OCTAVIA/SUPERB)-VW (GOLF V &VI/JETTA/CADDY);491.47
900.1943;Support moteur AV / G;AUDI A3-SEAT LEON/TOLEDO-VW GOLF V/TOURAN;431.36
900.1947;Support moteur;AUDI A3/GOLF 5/TOURAN/FIAT TOLEDO/ALTEA;139.66
900.1954;Support boite à vitesses;AUDI (A4 I/A6 II)-SKODA SUPERB-VW PASSAT V;135.72
900.1973;Biellette support AV;SEAT (CORDOBA/IBIZA V)-SKODA (FABIA/ROOMSTER)-VW POLO;371.52
900.1983;Support moteur;VW (LUPO/POLO)-SEAT AROSA;235.53
900.1999;Support moteur;FIAT PUNTO DEP.2003;318.60
900.2408;Support moteur;FIAT PUNTO;1058.64
900.2433;Support moteur;FIAT DOBLO;284.83
900.2437;Support moteur;FIAT DOBLO;585.79
900.2475;Support moteur;OPEL ASTRA D 1.4/1.6/1.8/ZAFIRA DEP.2002;446.64
900.2493;Support moteur;FORD FOCUS;590.06
900.2496;Support boite à vitesses;MERCEDES (CLASSE C (202)/CLASSE E (210));583.12
900.2569;Support moteur;(=900.2458) FORD TRANSIT CONNECT;206.84
900.3002;Butée élastique silencieux;VW (BORA/GOLF IV/NEW BEETLE) AUDI A3 SEAT (LEON/TOLEDO)-SKODA OCTAVIA;55.44
900.5002;Biellette barre stabilisatrice;FIAT DOBLO Cargo;125.03
900.505;Biellette barre stabilisatrice;GOLF III VENTO;127.56
900.5064;Biellette barre stabilisatrice;(EX:900.5004) FORD FOCUS/ESCORT/FIESTA CAMIONNETTE;78.92
900.508;Biellette barre stabilisatrice;VW POLO/LUPO;140.81
900.5083;Biellette barre stabilisatrice;AUDI A3-VW GOLF IV;449.26
900.5084;Biellette barre stabilisatrice;AUDI A3-SEAT LEON/TOLEDO-VW BORA/GOLF IV;64.62
900.5089;Biellette barre stabilisatrice;VW POLO 1.9SDI;137.05
900.5093;Biellette barre stabilisatrice;AUDI A3-SEAT LEON-SKODA OCTAVIA-VW GOLF IV;99.86
900.523;Rotule de suspension direction assistée;FIAT UNO-SEAT MARBELLA;80.23
900.524;Rotule de suspension direction assistée;FORD ESCORT/FIESTA;186.57
900.5246;Rotule de suspension direction mécanique;FORD TRANSIT (2.5 DI / 2.5 TD) (AN. 1994);314.32
900.5289;Rotule de suspension direction assistée;MERCEDES W124/W201;137.69
900.5352;Butée de suspension;VW GOLF I/II/III/POLO-SEAT TOLEDO/CORDOBA;37.79
900.5362;Butée de suspension;VW/PASSAT/GOLF VENTO/GOLF JETTA/POLO;42.49
900.5368;Soufflet amortisseur AV;VW.GOLF III/GOLF CORRADO/JETTA;8.66
900.537;Butée à billes de suspension;FIAT LANCIA-CIT (C8/EVASION/JUMPY)-PGT (806/807/EXPERT);196.02
900.5531;Rotule de suspension direction assistée;FIAT DOBLO / PALIO;177.94
900.5569;Rotule de suspension direction assistée;VW GOLF V;152.34
900.557;Rotule de suspension direction assistée;VW GOLF V;152.34
900.56;Support amortisseur AV;FIAT UNO;78.82
900.5604;Support amortisseur AV;SEAT/CORDOBA;139.55
900.5606;Coupelle;FORD FIESTA MK2/3/4;57.08
900.5617;Suspension Support Essieu;FIAT (DOBLO/PALIO/STRADA);274.58
900.5618;Support amortisseur AV;FIAT (DOBLO/PALIO/STRADA);274.58
900.5624;Coupelle;FORD (FIESTA MK4 / KA);125.22
900.563;Support amortisseur AR;AUDI A3 TT-SEAT (CORDOBA/IBIZA V/LEON)-SKODA (FABIA/OCTAVIA)-VW (BORA/GOLF IV/POLO);125.16
900.5631;Support amortisseur AV;VW GOLF V;197.97
900.5633;Suspension Support Essieu;FORD (FOCUS/TRANSIT CONNECT);158.21
900.6035;Soufflet direction à crémaillère;VW GOLF JETTA/VENTO/PASSAT/SEAT CORDOBA;43.26
900.6065;Soufflet direction à crémaillère;AUDI A3-SEAT LEON-WV.BORA/GOLF IV/VI;44.37
900.6077;Soufflet direction assistée;FORD ESCORT/ORION;56.47
900.6084;Soufflet direction assistée;VW CACY/CORRADO/GOLF1/JETTA/GOLF III VENTO/PASSAT-SEAT TOLEDO;54.37
900.6210;Rotule axiale de direction assistée;SEAT (CORDOBA/IBIZA II&III /TOLEDO)-VW (GOLF II/JETTA/SCIROCCO);216.54
900.6219;Rotule axiale de direction assistée;AUDI A3-SEAT (LEON/TOLEDO/OCTAVIA)- VW (BORA/GOLF IV);214.05
900.6413;Rotule de direction assistée filetage ext / D&G;VW PASSAT;331.91
900.6465;Rotule de direction assistée filetage int / D&G;FORD TRANSIT (V362/V363);157.29
900.6634;Rotule de direction assistée filetage int / D&G;AUDI A2/A3-SEAT CORDOBA/LEON-VW BORA/GOLF IV/POLO V;135.51
913.6046;Boulon de couvercle arbre transmission;P404/P504/P505;21.96
913.6616;Vis de Fixation de carter d'embrayage;P504D;5.91
935.6206;Ecrou axe d'articulation;P404;3.87
935.6506;Ecrou de moyeu;P504;23.03
941.6686;Ecrou de roue;P504D;20.82
956.0420S;Joint soupapes;XSARA/EVASION/XANTIA/ZX/P.306/605/806;433.22
SBH0154;Fléxible de frein AV;P.205/CIT/C15.;136.51
SBH4071;Fléxible de frein AV;R.CLIQ;90.18
SBH4081;Fléxible de frein AV;R.21;70.90
SBH4091;Fléxible de frein AV;R.EXPRESS;129.68
SCL0186;Kit d'embrayage;CIT.JUMPY/XM-FIAT DUCATO-PGT 806/EXPERT (D.235X21C);23.73
SWH3003;Tuyau de carburant;ESSENCE/DIESEL STANDARD o INT 6 L=10M;56.36
SWH3005;Tuyau de carburant;ESSENCE/DIESEL STANDARD o INT 10 L=10M;58.48
SWH4343;Durite radiateur supérieur;LOGAN (01/08);98.91
SWH4344;Durite radiateur inférieur;LOGAN (01/08);252.58
